,Country,Date,Ebola_Change
0,Nigeria,2014-08-29,15.0
1,Sierra Leone,2014-08-29,935.0
2,Liberia,2014-08-29,322.0
3,Guinea,2014-08-29,482.0
4,Senegal,2014-09-05,1.0
5,Nigeria,2014-09-05,3.0
6,Sierra Leone,2014-09-05,211.0
7,Liberia,2014-09-05,292.0
8,Guinea,2014-09-05,122.0
9,Senegal,2014-09-08,0.0
10,Guinea,2014-09-08,60.0
11,Nigeria,2014-09-08,1.0
12,Sierra Leone,2014-09-08,88.0
13,Liberia,2014-09-08,20.0
14,Senegal,2014-09-12,0.0
15,Nigeria,2014-09-12,0.0
16,Sierra Leone,2014-09-12,53.0
17,Liberia,2014-09-12,20.0
18,Guinea,2014-09-12,14.0
19,Guinea,2014-09-16,65.0
20,Nigeria,2014-09-16,0.0
21,Sierra Leone,2014-09-16,177.0
22,Senegal,2014-09-16,0.0
23,Liberia,2014-09-16,136.0
24,Guinea,2014-09-18,7.0
25,Sierra Leone,2014-09-18,49.0
26,Nigeria,2014-09-18,0.0
27,Senegal,2014-09-18,0.0
28,Liberia,2014-09-18,22.0
29,Senegal,2014-09-22,0.0
30,Nigeria,2014-09-22,0.0
31,Liberia,2014-09-22,51.0
32,Guinea,2014-09-22,68.0
33,Sierra Leone,2014-09-22,127.0
34,Guinea,2014-09-24,14.0
35,Nigeria,2014-09-24,0.0
36,Sierra Leone,2014-09-24,105.0
37,Liberia,2014-09-24,27.0
38,Senegal,2014-09-24,0.0
39,Senegal,2014-09-26,0.0
40,Nigeria,2014-09-26,0.0
41,Sierra Leone,2014-09-26,71.0
42,Liberia,2014-09-26,24.0
43,Guinea,2014-09-26,44.0
44,Senegal,2014-10-01,0.0
45,Nigeria,2014-10-01,0.0
46,Sierra Leone,2014-10-01,260.0
47,Liberia,2014-10-01,13.0
48,Guinea,2014-10-01,74.0
49,Guinea,2014-10-03,27.0
50,Liberia,2014-10-03,4.0
51,Nigeria,2014-10-03,0.0
52,Sierra Leone,2014-10-03,103.0
53,United States of America,2014-10-03,1.0
54,Senegal,2014-10-03,0.0
55,United States of America,2014-10-08,0.0
56,Senegal,2014-10-08,0.0
57,Nigeria,2014-10-08,0.0
58,Sierra Leone,2014-10-08,276.0
59,Liberia,2014-10-08,10.0
60,Guinea,2014-10-08,67.0
61,Liberia,2014-10-10,2.0
62,United States of America,2014-10-10,0.0
63,Spain,2014-10-10,1.0
64,Senegal,2014-10-10,0.0
65,Nigeria,2014-10-10,0.0
66,Sierra Leone,2014-10-10,138.0
67,Guinea,2014-10-10,53.0
68,Guinea,2014-10-15,87.0
69,Sierra Leone,2014-10-15,256.0
70,Liberia,2014-10-15,7.0
71,Nigeria,2014-10-15,0.0
72,Senegal,2014-10-15,0.0
73,Spain,2014-10-15,0.0
74,United States of America,2014-10-15,1.0
75,United States of America,2014-10-17,1.0
76,Spain,2014-10-17,0.0
77,Senegal,2014-10-17,0.0
78,Nigeria,2014-10-17,0.0
79,Sierra Leone,2014-10-17,128.0
80,Guinea,2014-10-17,33.0
81,Senegal,2014-10-22,0.0
82,Guinea,2014-10-22,72.0
83,Liberia,2014-10-22,15.0
84,Sierra Leone,2014-10-22,246.0
85,Spain,2014-10-22,0.0
86,United States of America,2014-10-22,0.0
87,Nigeria,2014-10-22,0.0
88,Guinea,2014-10-22,0.0
89,Liberia,2014-10-22,0.0
90,Sierra Leone,2014-10-22,0.0
91,Guinea,2014-10-22,0.0
92,Liberia,2014-10-22,0.0
93,Sierra Leone,2014-10-22,0.0
94,Sierra Leone,2014-10-25,3377.0
95,Senegal,2014-10-25,0.0
96,Nigeria,2014-10-25,0.0
97,United States of America,2014-10-25,1.0
98,Spain,2014-10-25,0.0
99,Mali,2014-10-25,1.0
100,Guinea,2014-10-25,1304.0
101,Liberia,2014-10-25,963.0
102,Mali,2014-10-29,0.0
103,Sierra Leone,2014-10-29,311.0
104,United States of America,2014-10-29,0.0
105,Guinea,2014-10-29,79.0
106,Spain,2014-10-29,0.0
107,Liberia,2014-10-29,1550.0
108,Nigeria,2014-10-29,0.0
109,Liberia,2014-10-29,0.0
110,Guinea,2014-10-29,0.0
111,Sierra Leone,2014-10-29,0.0
112,Guinea,2014-10-29,0.0
113,Liberia,2014-10-29,0.0
114,Sierra Leone,2014-10-29,0.0
115,Senegal,2014-10-29,0.0
116,Guinea,2014-10-31,1385.0
117,Liberia,2014-10-31,2514.0
118,Sierra Leone,2014-10-31,3746.0
119,Mali,2014-10-31,0.0
120,Nigeria,2014-10-31,0.0
121,United States of America,2014-10-31,0.0
122,Senegal,2014-10-31,0.0
123,Spain,2014-10-31,0.0
124,Liberia,2014-11-05,0.0
125,Guinea,2014-11-05,48.0
126,Sierra Leone,2014-11-05,279.0
127,Mali,2014-11-05,0.0
128,Nigeria,2014-11-05,0.0
129,United States of America,2014-11-05,0.0
130,Senegal,2014-11-05,0.0
131,Spain,2014-11-05,0.0
132,Senegal,2014-11-07,0.0
133,Nigeria,2014-11-07,0.0
134,United States of America,2014-11-07,0.0
135,Spain,2014-11-07,0.0
136,Mali,2014-11-07,0.0
137,Sierra Leone,2014-11-07,92.0
138,Liberia,2014-11-07,63.0
139,Guinea,2014-11-07,22.0
140,Liberia,2014-11-12,39.0
141,Guinea,2014-11-12,133.0
142,Sierra Leone,2014-11-12,374.0
143,Mali,2014-11-12,1.0
144,Nigeria,2014-11-12,0.0
145,United States of America,2014-11-12,0.0
146,Senegal,2014-11-12,0.0
147,Spain,2014-11-12,0.0
148,Senegal,2014-11-14,0.0
149,Nigeria,2014-11-14,0.0
150,United States of America,2014-11-14,0.0
151,Spain,2014-11-14,0.0
152,Mali,2014-11-14,1.0
153,Sierra Leone,2014-11-14,160.0
154,Liberia,2014-11-14,9.0
155,Guinea,2014-11-14,35.0
156,Guinea,2014-11-19,51.0
157,Liberia,2014-11-19,81.0
158,Sierra Leone,2014-11-19,373.0
159,Mali,2014-11-19,2.0
160,Spain,2014-11-19,0.0
161,Nigeria,2014-11-19,0.0
162,Senegal,2014-11-19,0.0
163,United States of America,2014-11-19,0.0
164,Senegal,2014-11-21,0.0
165,Nigeria,2014-11-21,0.0
166,United States of America,2014-11-21,0.0
167,Spain,2014-11-21,0.0
168,Mali,2014-11-21,0.0
169,Sierra Leone,2014-11-21,96.0
170,Liberia,2014-11-21,26.0
171,Guinea,2014-11-21,47.0
172,Guinea,2014-11-26,105.0
173,Sierra Leone,2014-11-26,289.0
174,Liberia,2014-11-26,58.0
175,Mali,2014-11-26,2.0
176,Spain,2014-11-26,0.0
177,United States of America,2014-11-26,0.0
178,Nigeria,2014-11-26,0.0
179,Senegal,2014-11-26,0.0
180,Sierra Leone,2014-12-01,390.0
181,Liberia,2014-12-01,74.0
182,Guinea,2014-12-01,71.0
183,Spain,2014-12-01,0.0
184,Mali,2014-12-01,0.0
185,United States of America,2014-12-01,0.0
186,Nigeria,2014-12-01,0.0
187,Senegal,2014-12-01,0.0
188,Spain,2014-12-03,0.0
189,Senegal,2014-12-03,0.0
190,Nigeria,2014-12-03,0.0
191,United States of America,2014-12-03,0.0
192,Mali,2014-12-03,0.0
193,Sierra Leone,2014-12-03,147.0
194,Liberia,2014-12-03,0.0
195,Guinea,2014-12-03,8.0
196,Guinea,2014-12-10,122.0
197,Liberia,2014-12-10,29.0
198,Sierra Leone,2014-12-10,397.0
199,Mali,2014-12-10,0.0
200,United States of America,2014-12-10,0.0
201,Nigeria,2014-12-10,0.0
202,Senegal,2014-12-10,0.0
203,Spain,2014-12-10,0.0
204,Senegal,2014-12-15,0.0
205,Nigeria,2014-12-15,0.0
206,United States of America,2014-12-15,0.0
207,Spain,2014-12-15,0.0
208,Mali,2014-12-15,0.0
209,Sierra Leone,2014-12-15,263.0
210,Liberia,2014-12-15,116.0
211,Guinea,2014-12-15,64.0
212,Guinea,2014-12-17,12.0
213,Liberia,2014-12-17,0.0
214,Sierra Leone,2014-12-17,64.0
215,Mali,2014-12-17,0.0
216,United States of America,2014-12-17,0.0
217,Nigeria,2014-12-17,0.0
218,Senegal,2014-12-17,0.0
219,Spain,2014-12-17,0.0
220,Senegal,2014-12-22,0.0
221,Nigeria,2014-12-22,0.0
222,United States of America,2014-12-22,0.0
223,Spain,2014-12-22,0.0
224,Mali,2014-12-22,0.0
225,Sierra Leone,2014-12-22,273.0
226,Liberia,2014-12-22,139.0
227,Guinea,2014-12-22,132.0
228,Guinea,2014-12-23,25.0
229,Liberia,2014-12-23,0.0
230,Sierra Leone,2014-12-23,42.0
231,Mali,2014-12-23,0.0
232,Spain,2014-12-23,0.0
233,United States of America,2014-12-23,0.0
234,Nigeria,2014-12-23,0.0
235,Senegal,2014-12-23,0.0
236,Senegal,2014-12-24,0.0
237,Nigeria,2014-12-24,0.0
238,United States of America,2014-12-24,0.0
239,Spain,2014-12-24,0.0
240,Mali,2014-12-24,0.0
241,Sierra Leone,2014-12-24,0.0
242,Liberia,2014-12-24,0.0
243,Guinea,2014-12-24,0.0
244,Guinea,2014-12-26,58.0
245,Liberia,2014-12-26,0.0
246,Sierra Leone,2014-12-26,143.0
247,Mali,2014-12-26,0.0
248,Spain,2014-12-26,0.0
249,United States of America,2014-12-26,0.0
250,Nigeria,2014-12-26,0.0
251,Senegal,2014-12-26,0.0
252,Senegal,2014-12-29,0.0
253,Nigeria,2014-12-29,0.0
254,United States of America,2014-12-29,0.0
255,Spain,2014-12-29,0.0
256,Mali,2014-12-29,0.0
257,Sierra Leone,2014-12-29,166.0
258,Liberia,2014-12-29,23.0
259,Guinea,2014-12-29,42.0
260,Guinea,2014-12-30,13.0
261,Liberia,2014-12-30,0.0
262,Sierra Leone,2014-12-30,28.0
263,Mali,2014-12-30,0.0
264,Spain,2014-12-30,0.0
265,United States of America,2014-12-30,0.0
266,Nigeria,2014-12-30,0.0
267,Senegal,2014-12-30,0.0
268,Spain,2014-12-31,0.0
269,Senegal,2014-12-31,0.0
270,Nigeria,2014-12-31,0.0
271,United States of America,2014-12-31,0.0
272,Mali,2014-12-31,0.0
273,Sierra Leone,2014-12-31,0.0
274,Liberia,2014-12-31,2.0
275,Guinea,2014-12-31,0.0
276,Guinea,2015-01-02,38.0
277,Liberia,2015-01-02,0.0
278,Sierra Leone,2015-01-02,122.0
279,Mali,2015-01-02,0.0
280,United Kingdom,2015-01-02,1.0
281,United States of America,2015-01-02,0.0
282,Nigeria,2015-01-02,0.0
283,Senegal,2015-01-02,0.0
284,Spain,2015-01-02,0.0
285,Guinea,2015-01-05,30.0
286,Liberia,2015-01-05,6.0
287,Sierra Leone,2015-01-05,94.0
288,Mali,2015-01-05,0.0
289,United Kingdom,2015-01-05,0.0
290,Nigeria,2015-01-05,0.0
291,Senegal,2015-01-05,0.0
292,Spain,2015-01-05,0.0
293,United States of America,2015-01-05,0.0
294,Mali,2015-01-06,0.0
295,Guinea,2015-01-06,6.0
296,Liberia,2015-01-06,2.0
297,Sierra Leone,2015-01-06,32.0
298,United Kingdom,2015-01-06,0.0
299,Spain,2015-01-06,0.0
300,Senegal,2015-01-06,0.0
301,United States of America,2015-01-06,0.0
302,Nigeria,2015-01-06,0.0
303,Sierra Leone,2015-01-07,0.0
304,Guinea,2015-01-07,0.0
305,United States of America,2015-01-07,0.0
306,Spain,2015-01-07,0.0
307,Senegal,2015-01-07,0.0
308,Nigeria,2015-01-07,0.0
309,United Kingdom,2015-01-07,0.0
310,Mali,2015-01-07,0.0
311,Liberia,2015-01-07,0.0
312,Mali,2015-01-08,0.0
313,United Kingdom,2015-01-08,0.0
314,Guinea,2015-01-08,6.0
315,Sierra Leone,2015-01-08,157.0
316,Liberia,2015-01-08,0.0
317,United Kingdom,2015-01-09,0.0
318,Mali,2015-01-09,0.0
319,Sierra Leone,2015-01-09,0.0
320,Guinea,2015-01-09,16.0
321,Liberia,2015-01-09,5.0
322,Mali,2015-01-12,0.0
323,Guinea,2015-01-12,15.0
324,United Kingdom,2015-01-12,0.0
325,Sierra Leone,2015-01-12,7.0
326,Liberia,2015-01-12,0.0
327,Guinea,2015-01-13,0.0
328,Liberia,2015-01-13,0.0
329,Sierra Leone,2015-01-13,0.0
330,Mali,2015-01-13,0.0
331,United Kingdom,2015-01-13,0.0
332,United States of America,2015-01-14,0.0
333,Spain,2015-01-14,0.0
334,Senegal,2015-01-14,0.0
335,Nigeria,2015-01-14,0.0
336,Sierra Leone,2015-01-14,20.0
337,Liberia,2015-01-14,4.0
338,Guinea,2015-01-14,6.0
339,United Kingdom,2015-01-14,0.0
340,Mali,2015-01-14,0.0
341,Guinea,2015-01-15,8.0
342,Liberia,2015-01-15,0.0
343,Sierra Leone,2015-01-15,16.0
344,Mali,2015-01-15,0.0
345,United Kingdom,2015-01-15,0.0
346,Spain,2015-01-15,0.0
347,Senegal,2015-01-15,0.0
348,United States of America,2015-01-15,0.0
349,Nigeria,2015-01-15,0.0
350,Liberia,2015-01-16,0.0
351,Mali,2015-01-16,0.0
352,United Kingdom,2015-01-16,0.0
353,Guinea,2015-01-16,3.0
354,Sierra Leone,2015-01-16,23.0
355,Spain,2015-01-16,0.0
356,Senegal,2015-01-16,0.0
357,United States of America,2015-01-16,0.0
358,Nigeria,2015-01-16,0.0
359,Guinea,2015-01-19,14.0
360,Sierra Leone,2015-01-19,58.0
361,United Kingdom,2015-01-19,0.0
362,Liberia,2015-01-19,4.0
363,Mali,2015-01-19,0.0
364,Senegal,2015-01-19,0.0
365,Spain,2015-01-19,0.0
366,United States of America,2015-01-19,0.0
367,Nigeria,2015-01-19,0.0
368,Liberia,2015-01-20,4.0
369,United Kingdom,2015-01-20,0.0
370,Guinea,2015-01-20,0.0
371,Sierra Leone,2015-01-20,20.0
372,Mali,2015-01-20,0.0
373,Spain,2015-01-20,0.0
374,Senegal,2015-01-20,0.0
375,United States of America,2015-01-20,0.0
376,Nigeria,2015-01-20,0.0
377,United States of America,2015-01-21,0.0
378,Spain,2015-01-21,0.0
379,Senegal,2015-01-21,0.0
380,Nigeria,2015-01-21,0.0
381,Sierra Leone,2015-01-21,0.0
382,United Kingdom,2015-01-21,0.0
383,Liberia,2015-01-21,0.0
384,Guinea,2015-01-21,0.0
385,Mali,2015-01-21,0.0
386,Guinea,2015-01-22,3.0
387,Mali,2015-01-22,0.0
388,Sierra Leone,2015-01-22,6.0
389,United Kingdom,2015-01-22,0.0
390,Liberia,2015-01-22,1.0
391,Nigeria,2015-01-22,0.0
392,Spain,2015-01-22,0.0
393,United States of America,2015-01-22,0.0
394,Senegal,2015-01-22,0.0
395,United States of America,2015-01-23,0.0
396,Spain,2015-01-23,0.0
397,Senegal,2015-01-23,0.0
398,Nigeria,2015-01-23,0.0
399,Mali,2015-01-23,0.0
400,Guinea,2015-01-23,3.0
401,Sierra Leone,2015-01-23,12.0
402,United Kingdom,2015-01-23,0.0
403,Liberia,2015-01-23,0.0
404,Liberia,2015-01-26,0.0
405,Sierra Leone,2015-01-26,42.0
406,United Kingdom,2015-01-26,0.0
407,Mali,2015-01-26,0.0
408,Guinea,2015-01-26,14.0
409,Senegal,2015-01-26,0.0
410,Spain,2015-01-26,0.0
411,Nigeria,2015-01-26,0.0
412,United States of America,2015-01-26,0.0
413,Guinea,2015-01-27,10.0
414,Sierra Leone,2015-01-27,5.0
415,United Kingdom,2015-01-27,0.0
416,Liberia,2015-01-27,2.0
417,Mali,2015-01-27,0.0
418,Nigeria,2015-01-27,0.0
419,Senegal,2015-01-27,0.0
420,Spain,2015-01-27,0.0
421,United States of America,2015-01-27,0.0
422,Sierra Leone,2015-01-28,0.0
423,Guinea,2015-01-28,0.0
424,Liberia,2015-01-28,0.0
425,United Kingdom,2015-01-28,0.0
426,Mali,2015-01-28,0.0
427,Nigeria,2015-01-28,0.0
428,Senegal,2015-01-28,0.0
429,Spain,2015-01-28,0.0
430,United States of America,2015-01-28,0.0
431,United States of America,2015-01-29,0.0
432,Spain,2015-01-29,0.0
433,Senegal,2015-01-29,0.0
434,Nigeria,2015-01-29,0.0
435,Mali,2015-01-29,0.0
436,Sierra Leone,2015-01-29,9.0
437,Liberia,2015-01-29,0.0
438,Guinea,2015-01-29,2.0
439,United Kingdom,2015-01-29,0.0
440,Guinea,2015-01-30,4.0
441,Liberia,2015-01-30,0.0
442,Sierra Leone,2015-01-30,12.0
443,Mali,2015-01-30,0.0
444,United Kingdom,2015-01-30,0.0
445,Senegal,2015-01-30,0.0
446,Spain,2015-01-30,0.0
447,United States of America,2015-01-30,0.0
448,Nigeria,2015-01-30,0.0
449,Guinea,2015-02-02,18.0
450,Liberia,2015-02-02,0.0
451,Sierra Leone,2015-02-02,53.0
452,United Kingdom,2015-02-02,0.0
453,Mali,2015-02-02,0.0
454,Nigeria,2015-02-02,0.0
455,Senegal,2015-02-02,0.0
456,Spain,2015-02-02,0.0
457,United States of America,2015-02-02,0.0
458,Guinea,2015-02-03,15.0
459,Liberia,2015-02-03,5.0
460,Sierra Leone,2015-02-03,17.0
461,Mali,2015-02-03,0.0
462,United Kingdom,2015-02-03,0.0
463,Senegal,2015-02-03,0.0
464,Spain,2015-02-03,0.0
465,United States of America,2015-02-03,0.0
466,Nigeria,2015-02-03,0.0
467,Guinea,2015-02-04,0.0
468,Liberia,2015-02-04,0.0
469,Sierra Leone,2015-02-04,0.0
470,Mali,2015-02-04,0.0
471,United Kingdom,2015-02-04,0.0
472,Senegal,2015-02-04,0.0
473,Spain,2015-02-04,0.0
474,United States of America,2015-02-04,0.0
475,Nigeria,2015-02-04,0.0
476,United Kingdom,2015-02-05,0.0
477,Guinea,2015-02-05,13.0
478,Liberia,2015-02-05,0.0
479,Sierra Leone,2015-02-05,4.0
480,Mali,2015-02-05,0.0
481,Nigeria,2015-02-05,0.0
482,Spain,2015-02-05,0.0
483,United States of America,2015-02-05,0.0
484,Senegal,2015-02-05,0.0
485,Sierra Leone,2015-02-06,21.0
486,United Kingdom,2015-02-06,0.0
487,Guinea,2015-02-06,7.0
488,Liberia,2015-02-06,0.0
489,Mali,2015-02-06,0.0
490,Nigeria,2015-02-06,0.0
491,Senegal,2015-02-06,0.0
492,Spain,2015-02-06,0.0
493,United States of America,2015-02-06,0.0
494,Guinea,2015-02-10,46.0
495,Liberia,2015-02-10,3.0
496,Sierra Leone,2015-02-10,51.0
497,United Kingdom,2015-02-10,0.0
498,Mali,2015-02-10,0.0
499,Senegal,2015-02-10,0.0
500,Spain,2015-02-10,0.0
501,United States of America,2015-02-10,0.0
502,Nigeria,2015-02-10,0.0
503,Liberia,2015-02-11,0.0
504,United Kingdom,2015-02-11,0.0
505,Guinea,2015-02-11,0.0
506,Sierra Leone,2015-02-11,0.0
507,Mali,2015-02-11,0.0
508,Nigeria,2015-02-11,0.0
509,Senegal,2015-02-11,0.0
510,Spain,2015-02-11,0.0
511,United States of America,2015-02-11,0.0
512,United States of America,2015-02-12,0.0
513,Spain,2015-02-12,0.0
514,Senegal,2015-02-12,0.0
515,Nigeria,2015-02-12,0.0
516,Mali,2015-02-12,0.0
517,Sierra Leone,2015-02-12,3.0
518,Liberia,2015-02-12,0.0
519,Guinea,2015-02-12,11.0
520,United Kingdom,2015-02-12,0.0
521,Liberia,2015-02-13,1.0
522,Sierra Leone,2015-02-13,17.0
523,United Kingdom,2015-02-13,0.0
524,Mali,2015-02-13,0.0
525,Guinea,2015-02-13,8.0
526,Senegal,2015-02-13,0.0
527,Spain,2015-02-13,0.0
528,United States of America,2015-02-13,0.0
529,Nigeria,2015-02-13,0.0
530,United Kingdom,2015-02-16,0.0
531,Guinea,2015-02-16,27.0
532,Liberia,2015-02-16,2.0
533,Sierra Leone,2015-02-16,44.0
534,Mali,2015-02-16,0.0
535,Nigeria,2015-02-16,0.0
536,Senegal,2015-02-16,0.0
537,Spain,2015-02-16,0.0
538,United States of America,2015-02-16,0.0
539,Guinea,2015-02-17,7.0
540,Liberia,2015-02-17,0.0
541,Sierra Leone,2015-02-17,13.0
542,Mali,2015-02-17,0.0
543,United Kingdom,2015-02-17,0.0
544,Senegal,2015-02-17,0.0
545,Spain,2015-02-17,0.0
546,United States of America,2015-02-17,0.0
547,Nigeria,2015-02-17,0.0
548,Guinea,2015-02-18,0.0
549,Sierra Leone,2015-02-18,0.0
550,Liberia,2015-02-18,0.0
551,Mali,2015-02-18,0.0
552,United Kingdom,2015-02-18,0.0
553,Senegal,2015-02-18,0.0
554,Spain,2015-02-18,0.0
555,United States of America,2015-02-18,0.0
556,Nigeria,2015-02-18,0.0
557,United Kingdom,2015-02-19,0.0
558,Guinea,2015-02-19,5.0
559,Liberia,2015-02-19,3.0
560,Sierra Leone,2015-02-19,11.0
561,Mali,2015-02-19,0.0
562,Nigeria,2015-02-19,0.0
563,Spain,2015-02-19,0.0
564,United States of America,2015-02-19,0.0
565,Senegal,2015-02-19,0.0
566,Sierra Leone,2015-02-20,0.0
567,United Kingdom,2015-02-20,0.0
568,Guinea,2015-02-20,2.0
569,Liberia,2015-02-20,0.0
570,Mali,2015-02-20,0.0
571,Spain,2015-02-20,0.0
572,Senegal,2015-02-20,0.0
573,Nigeria,2015-02-20,0.0
574,United States of America,2015-02-20,0.0
575,United Kingdom,2015-02-23,0.0
576,Guinea,2015-02-23,24.0
577,Liberia,2015-02-23,1.0
578,Sierra Leone,2015-02-23,0.0
579,Mali,2015-02-23,0.0
580,Senegal,2015-02-23,0.0
581,Spain,2015-02-23,0.0
582,United States of America,2015-02-23,0.0
583,Nigeria,2015-02-23,0.0
584,Sierra Leone,2015-02-25,66.0
585,United Kingdom,2015-02-25,0.0
586,Guinea,2015-02-25,4.0
587,Liberia,2015-02-25,0.0
588,Mali,2015-02-25,0.0
589,Nigeria,2015-02-25,0.0
590,Senegal,2015-02-25,0.0
591,Spain,2015-02-25,0.0
592,United States of America,2015-02-25,0.0
593,United States of America,2015-02-26,0.0
594,Spain,2015-02-26,0.0
595,Senegal,2015-02-26,0.0
596,Nigeria,2015-02-26,0.0
597,Mali,2015-02-26,0.0
598,Sierra Leone,2015-02-26,19.0
599,Liberia,2015-02-26,0.0
600,Guinea,2015-02-26,19.0
601,United Kingdom,2015-02-26,0.0
602,Guinea,2015-02-27,9.0
603,United Kingdom,2015-02-27,0.0
604,Sierra Leone,2015-02-27,12.0
605,Mali,2015-02-27,0.0
606,Liberia,2015-02-27,0.0
607,Senegal,2015-02-27,0.0
608,Spain,2015-02-27,0.0
609,United States of America,2015-02-27,0.0
610,Nigeria,2015-02-27,0.0
611,United Kingdom,2015-03-02,0.0
612,Mali,2015-03-02,0.0
613,Nigeria,2015-03-02,0.0
614,Sierra Leone,2015-03-02,33.0
615,Spain,2015-03-02,0.0
616,United States of America,2015-03-02,0.0
617,Guinea,2015-03-02,18.0
618,Senegal,2015-03-02,0.0
619,Liberia,2015-03-02,0.0
620,Mali,2015-03-04,0.0
621,Nigeria,2015-03-04,0.0
622,Senegal,2015-03-04,0.0
623,United Kingdom,2015-03-04,0.0
624,United States of America,2015-03-04,0.0
625,Guinea,2015-03-04,0.0
626,Liberia,2015-03-04,0.0
627,Spain,2015-03-04,0.0
628,Sierra Leone,2015-03-04,0.0
629,Guinea,2015-03-05,25.0
630,Liberia,2015-03-05,0.0
631,Sierra Leone,2015-03-05,30.0
632,United Kingdom,2015-03-05,0.0
633,Senegal,2015-03-05,0.0
634,Spain,2015-03-05,0.0
635,United States of America,2015-03-05,0.0
636,Mali,2015-03-05,0.0
637,Nigeria,2015-03-05,0.0
638,United States of America,2015-03-06,0.0
639,Spain,2015-03-06,0.0
640,Senegal,2015-03-06,0.0
641,Nigeria,2015-03-06,0.0
642,Mali,2015-03-06,0.0
643,Sierra Leone,2015-03-06,6.0
644,Liberia,2015-03-06,0.0
645,Guinea,2015-03-06,7.0
646,United Kingdom,2015-03-06,0.0
647,Guinea,2015-03-10,31.0
648,United States of America,2015-03-10,0.0
649,Spain,2015-03-10,0.0
650,Senegal,2015-03-10,0.0
651,Nigeria,2015-03-10,0.0
652,Mali,2015-03-10,0.0
653,United Kingdom,2015-03-10,0.0
654,Sierra Leone,2015-03-10,39.0
655,Liberia,2015-03-10,0.0
656,United States of America,2015-03-11,0.0
657,Spain,2015-03-11,0.0
658,Senegal,2015-03-11,0.0
659,Nigeria,2015-03-11,0.0
660,Liberia,2015-03-11,0.0
661,United Kingdom,2015-03-11,0.0
662,Guinea,2015-03-11,0.0
663,Sierra Leone,2015-03-11,0.0
664,Mali,2015-03-11,0.0
665,Senegal,2015-03-12,0.0
666,United States of America,2015-03-12,0.0
667,Spain,2015-03-12,0.0
668,Nigeria,2015-03-12,0.0
669,Sierra Leone,2015-03-12,35.0
670,United Kingdom,2015-03-12,0.0
671,Liberia,2015-03-12,0.0
672,Guinea,2015-03-12,30.0
673,Mali,2015-03-12,0.0
674,United States of America,2015-03-13,0.0
675,Spain,2015-03-13,0.0
676,Senegal,2015-03-13,0.0
677,Nigeria,2015-03-13,0.0
678,Mali,2015-03-13,0.0
679,Sierra Leone,2015-03-13,6.0
680,Liberia,2015-03-13,0.0
681,Guinea,2015-03-13,10.0
682,United Kingdom,2015-03-13,0.0
683,Senegal,2015-03-16,0.0
684,United States of America,2015-03-16,0.0
685,Spain,2015-03-16,0.0
686,Nigeria,2015-03-16,0.0
687,Sierra Leone,2015-03-16,15.0
688,United Kingdom,2015-03-16,0.0
689,Guinea,2015-03-16,46.0
690,Mali,2015-03-16,0.0
691,Liberia,2015-03-16,0.0
692,Guinea,2015-03-17,9.0
693,Liberia,2015-03-17,0.0
694,Sierra Leone,2015-03-17,3.0
695,United Kingdom,2015-03-17,0.0
696,Nigeria,2015-03-17,0.0
697,Senegal,2015-03-17,0.0
698,Spain,2015-03-17,0.0
699,United States of America,2015-03-17,0.0
700,Mali,2015-03-17,0.0
701,United States of America,2015-03-18,0.0
702,Nigeria,2015-03-18,0.0
703,Spain,2015-03-18,0.0
704,Senegal,2015-03-18,0.0
705,Mali,2015-03-18,0.0
706,Sierra Leone,2015-03-18,0.0
707,Liberia,2015-03-18,0.0
708,Guinea,2015-03-18,0.0
709,United Kingdom,2015-03-18,0.0
710,United States of America,2015-03-20,0.0
711,Spain,2015-03-20,0.0
712,Senegal,2015-03-20,0.0
713,Nigeria,2015-03-20,0.0
714,Mali,2015-03-20,0.0
715,Sierra Leone,2015-03-20,21.0
716,Liberia,2015-03-20,0.0
717,Guinea,2015-03-20,22.0
718,United Kingdom,2015-03-20,0.0
719,Senegal,2015-03-23,0.0
720,United States of America,2015-03-23,0.0
721,Spain,2015-03-23,0.0
722,Nigeria,2015-03-23,0.0
723,Sierra Leone,2015-03-23,10.0
724,United Kingdom,2015-03-23,0.0
725,Guinea,2015-03-23,19.0
726,Mali,2015-03-23,0.0
727,Liberia,2015-03-23,1.0
728,Guinea,2015-03-24,4.0
729,Liberia,2015-03-24,0.0
730,Sierra Leone,2015-03-24,2.0
731,United Kingdom,2015-03-24,0.0
732,Mali,2015-03-24,0.0
733,Nigeria,2015-03-24,0.0
734,Senegal,2015-03-24,0.0
735,Spain,2015-03-24,0.0
736,United States of America,2015-03-24,0.0
737,Nigeria,2015-03-25,0.0
738,United States of America,2015-03-25,0.0
739,Spain,2015-03-25,0.0
740,Senegal,2015-03-25,0.0
741,Mali,2015-03-25,0.0
742,United Kingdom,2015-03-25,0.0
743,Guinea,2015-03-25,0.0
744,Liberia,2015-03-25,0.0
745,Sierra Leone,2015-03-25,0.0
746,United States of America,2015-03-26,0.0
747,Spain,2015-03-26,0.0
748,Senegal,2015-03-26,0.0
749,Nigeria,2015-03-26,0.0
750,Mali,2015-03-26,0.0
751,United Kingdom,2015-03-26,0.0
752,Liberia,2015-03-26,0.0
753,Sierra Leone,2015-03-26,9.0
754,Guinea,2015-03-26,21.0
755,Spain,2015-03-27,0.0
756,Senegal,2015-03-27,0.0
757,Nigeria,2015-03-27,0.0
758,United States of America,2015-03-27,0.0
759,Mali,2015-03-27,0.0
760,Liberia,2015-03-27,0.0
761,Sierra Leone,2015-03-27,3.0
762,United Kingdom,2015-03-27,0.0
763,Guinea,2015-03-27,10.0
764,Guinea,2015-04-07,47.0
765,Liberia,2015-04-07,0.0
766,Sierra Leone,2015-04-07,23.0
767,United Kingdom,2015-04-07,0.0
768,Nigeria,2015-04-07,0.0
769,Senegal,2015-04-07,0.0
770,Spain,2015-04-07,0.0
771,United States of America,2015-04-07,0.0
772,Mali,2015-04-07,0.0
773,United States of America,2015-04-09,0.0
774,Nigeria,2015-04-09,0.0
775,Spain,2015-04-09,0.0
776,Senegal,2015-04-09,0.0
777,Mali,2015-04-09,0.0
778,Sierra Leone,2015-04-09,3.0
779,Liberia,2015-04-09,0.0
780,Guinea,2015-04-09,4.0
781,United Kingdom,2015-04-09,0.0
782,United States of America,2015-04-13,0.0
783,Spain,2015-04-13,0.0
784,Senegal,2015-04-13,0.0
785,Nigeria,2015-04-13,0.0
786,Mali,2015-04-13,0.0
787,Sierra Leone,2015-04-13,2.0
788,Liberia,2015-04-13,0.0
789,Guinea,2015-04-13,19.0
790,United Kingdom,2015-04-13,0.0
791,Nigeria,2015-04-14,0.0
792,United States of America,2015-04-14,0.0
793,Spain,2015-04-14,0.0
794,Mali,2015-04-14,0.0
795,Senegal,2015-04-14,0.0
796,Sierra Leone,2015-04-14,3.0
797,United Kingdom,2015-04-14,0.0
798,Liberia,2015-04-14,0.0
799,Guinea,2015-04-14,5.0
800,United States of America,2015-04-15,0.0
801,Spain,2015-04-15,0.0
802,Senegal,2015-04-15,0.0
803,Nigeria,2015-04-15,0.0
804,Mali,2015-04-15,0.0
805,United Kingdom,2015-04-15,0.0
806,Sierra Leone,2015-04-15,0.0
807,Liberia,2015-04-15,0.0
808,Guinea,2015-04-15,0.0
809,United States of America,2015-04-16,0.0
810,Spain,2015-04-16,0.0
811,Senegal,2015-04-16,0.0
812,Nigeria,2015-04-16,0.0
813,Mali,2015-04-16,0.0
814,United Kingdom,2015-04-16,0.0
815,Sierra Leone,2015-04-16,3.0
816,Liberia,2015-04-16,0.0
817,Guinea,2015-04-16,7.0
818,United States of America,2015-04-17,0.0
819,Spain,2015-04-17,0.0
820,Senegal,2015-04-17,0.0
821,Nigeria,2015-04-17,0.0
822,Mali,2015-04-17,0.0
823,United Kingdom,2015-04-17,0.0
824,Sierra Leone,2015-04-17,3.0
825,Liberia,2015-04-17,0.0
826,Guinea,2015-04-17,2.0
827,United States of America,2015-04-20,0.0
828,Spain,2015-04-20,0.0
829,Senegal,2015-04-20,0.0
830,Nigeria,2015-04-20,0.0
831,Mali,2015-04-20,0.0
832,United Kingdom,2015-04-20,0.0
833,Sierra Leone,2015-04-20,3.0
834,Liberia,2015-04-20,0.0
835,Guinea,2015-04-20,7.0
836,United States of America,2015-04-21,0.0
837,Spain,2015-04-21,0.0
838,Senegal,2015-04-21,0.0
839,Nigeria,2015-04-21,0.0
840,Mali,2015-04-21,0.0
841,United Kingdom,2015-04-21,0.0
842,Sierra Leone,2015-04-21,1.0
843,Liberia,2015-04-21,0.0
844,Guinea,2015-04-21,3.0
845,United States of America,2015-04-22,0.0
846,Spain,2015-04-22,0.0
847,Senegal,2015-04-22,0.0
848,Nigeria,2015-04-22,0.0
849,Mali,2015-04-22,0.0
850,United Kingdom,2015-04-22,0.0
851,Guinea,2015-04-22,0.0
852,Liberia,2015-04-22,0.0
853,Sierra Leone,2015-04-22,2.0
854,United States of America,2015-04-23,0.0
855,Spain,2015-04-23,0.0
856,Senegal,2015-04-23,0.0
857,Nigeria,2015-04-23,0.0
858,Mali,2015-04-23,0.0
859,United Kingdom,2015-04-23,0.0
860,Sierra Leone,2015-04-23,6.0
861,Liberia,2015-04-23,0.0
862,Guinea,2015-04-23,8.0
863,Spain,2015-04-24,0.0
864,Senegal,2015-04-24,0.0
865,Nigeria,2015-04-24,0.0
866,Mali,2015-04-24,0.0
867,United States of America,2015-04-24,0.0
868,Sierra Leone,2015-04-24,3.0
869,Liberia,2015-04-24,0.0
870,Guinea,2015-04-24,1.0
871,United Kingdom,2015-04-24,0.0
872,United States of America,2015-04-27,0.0
873,Spain,2015-04-27,0.0
874,Senegal,2015-04-27,0.0
875,Nigeria,2015-04-27,0.0
876,Mali,2015-04-27,0.0
877,United Kingdom,2015-04-27,0.0
878,Sierra Leone,2015-04-27,1.0
879,Liberia,2015-04-27,0.0
880,Guinea,2015-04-27,9.0
881,United States of America,2015-04-28,0.0
882,Spain,2015-04-28,0.0
883,Senegal,2015-04-28,0.0
884,Nigeria,2015-04-28,0.0
885,Mali,2015-04-28,0.0
886,United Kingdom,2015-04-28,0.0
887,Sierra Leone,2015-04-28,1.0
888,Liberia,2015-04-28,0.0
889,Guinea,2015-04-28,4.0
890,United States of America,2015-04-30,0.0
891,Spain,2015-04-30,0.0
892,Senegal,2015-04-30,0.0
893,Nigeria,2015-04-30,0.0
894,Mali,2015-04-30,0.0
895,United Kingdom,2015-04-30,0.0
896,Sierra Leone,2015-04-30,2.0
897,Liberia,2015-04-30,0.0
898,Guinea,2015-04-30,1.0
899,Spain,2015-05-01,0.0
900,Senegal,2015-05-01,0.0
901,Nigeria,2015-05-01,0.0
902,Mali,2015-05-01,0.0
903,United States of America,2015-05-01,0.0
904,Sierra Leone,2015-05-01,2.0
905,Liberia,2015-05-01,0.0
906,Guinea,2015-05-01,2.0
907,United Kingdom,2015-05-01,0.0
908,United States of America,2015-05-04,0.0
909,Spain,2015-05-04,0.0
910,Senegal,2015-05-04,0.0
911,Nigeria,2015-05-04,0.0
912,Mali,2015-05-04,0.0
913,United Kingdom,2015-05-04,0.0
914,Sierra Leone,2015-05-04,2.0
915,Liberia,2015-05-04,0.0
916,Guinea,2015-05-04,2.0
917,Spain,2015-05-05,0.0
918,Senegal,2015-05-05,0.0
919,Nigeria,2015-05-05,0.0
920,Mali,2015-05-05,0.0
921,United States of America,2015-05-05,0.0
922,Sierra Leone,2015-05-05,3.0
923,Liberia,2015-05-05,0.0
924,Guinea,2015-05-05,4.0
925,United Kingdom,2015-05-05,0.0
926,Spain,2015-05-06,0.0
927,Senegal,2015-05-06,0.0
928,Nigeria,2015-05-06,0.0
929,Mali,2015-05-06,0.0
930,United States of America,2015-05-06,0.0
931,Sierra Leone,2015-05-06,0.0
932,Liberia,2015-05-06,0.0
933,Guinea,2015-05-06,0.0
934,United Kingdom,2015-05-06,0.0
935,United States of America,2015-05-07,0.0
936,Spain,2015-05-07,0.0
937,Senegal,2015-05-07,0.0
938,Nigeria,2015-05-07,0.0
939,Mali,2015-05-07,0.0
940,Sierra Leone,2015-05-07,2.0
941,Liberia,2015-05-07,0.0
942,Guinea,2015-05-07,3.0
943,United Kingdom,2015-05-07,0.0
944,Senegal,2015-05-08,0.0
945,United States of America,2015-05-08,0.0
946,Spain,2015-05-08,0.0
947,Nigeria,2015-05-08,0.0
948,Liberia,2015-05-08,0.0
949,United Kingdom,2015-05-08,0.0
950,Sierra Leone,2015-05-08,0.0
951,Mali,2015-05-08,0.0
952,Guinea,2015-05-08,0.0
953,United States of America,2015-05-11,0.0
954,Spain,2015-05-11,0.0
955,Senegal,2015-05-11,0.0
956,Nigeria,2015-05-11,0.0
957,Mali,2015-05-11,0.0
958,United Kingdom,2015-05-11,0.0
959,Sierra Leone,2015-05-11,0.0
960,Liberia,2015-05-11,0.0
961,Guinea,2015-05-11,3.0
962,United States of America,2015-05-12,0.0
963,Senegal,2015-05-12,0.0
964,Nigeria,2015-05-12,0.0
965,Mali,2015-05-12,0.0
966,Spain,2015-05-12,0.0
967,Sierra Leone,2015-05-12,0.0
968,Liberia,2015-05-12,0.0
969,Guinea,2015-05-12,1.0
970,United Kingdom,2015-05-12,0.0
971,United States of America,2015-05-13,0.0
972,Senegal,2015-05-13,0.0
973,Nigeria,2015-05-13,0.0
974,Mali,2015-05-13,0.0
975,Spain,2015-05-13,0.0
976,Sierra Leone,2015-05-13,0.0
977,Guinea,2015-05-13,0.0
978,Liberia,2015-05-13,0.0
979,United Kingdom,2015-05-13,0.0
980,Guinea,2015-05-14,14.0
981,United States of America,2015-05-14,0.0
982,Spain,2015-05-14,0.0
983,Senegal,2015-05-14,0.0
984,Nigeria,2015-05-14,0.0
985,Mali,2015-05-14,0.0
986,United Kingdom,2015-05-14,0.0
987,Sierra Leone,2015-05-14,0.0
988,Liberia,2015-05-14,0.0
989,Italy,2015-05-14,1.0
990,Nigeria,2015-05-15,0.0
991,Spain,2015-05-15,0.0
992,Senegal,2015-05-15,0.0
993,United States of America,2015-05-15,0.0
994,Mali,2015-05-15,0.0
995,United Kingdom,2015-05-15,0.0
996,Italy,2015-05-15,0.0
997,Sierra Leone,2015-05-15,1.0
998,Liberia,2015-05-15,0.0
999,Guinea,2015-05-15,2.0
1000,Sierra Leone,2015-05-18,5.0
1001,Italy,2015-05-18,0.0
1002,United Kingdom,2015-05-18,0.0
1003,Spain,2015-05-18,0.0
1004,Nigeria,2015-05-18,0.0
1005,Senegal,2015-05-18,0.0
1006,Liberia,2015-05-18,0.0
1007,United States of America,2015-05-18,0.0
1008,Mali,2015-05-18,0.0
1009,Guinea,2015-05-18,6.0
1010,Senegal,2015-05-19,0.0
1011,Spain,2015-05-19,0.0
1012,Nigeria,2015-05-19,0.0
1013,Mali,2015-05-19,0.0
1014,United Kingdom,2015-05-19,0.0
1015,Italy,2015-05-19,0.0
1016,Sierra Leone,2015-05-19,2.0
1017,Liberia,2015-05-19,0.0
1018,Guinea,2015-05-19,6.0
1019,United States of America,2015-05-19,0.0
1020,Nigeria,2015-05-20,0.0
1021,Spain,2015-05-20,0.0
1022,United States of America,2015-05-20,0.0
1023,Senegal,2015-05-20,0.0
1024,Mali,2015-05-20,0.0
1025,Guinea,2015-05-20,0.0
1026,Sierra Leone,2015-05-20,0.0
1027,Italy,2015-05-20,0.0
1028,United Kingdom,2015-05-20,0.0
1029,Liberia,2015-05-20,0.0
1030,Guinea,2015-05-21,3.0
1031,Liberia,2015-05-21,0.0
1032,Sierra Leone,2015-05-21,2.0
1033,Italy,2015-05-21,0.0
1034,United Kingdom,2015-05-21,0.0
1035,Mali,2015-05-21,0.0
1036,Nigeria,2015-05-21,0.0
1037,Senegal,2015-05-21,0.0
1038,Spain,2015-05-21,0.0
1039,United States of America,2015-05-21,0.0
1040,United Kingdom,2015-05-22,0.0
1041,United States of America,2015-05-22,0.0
1042,Spain,2015-05-22,0.0
1043,Senegal,2015-05-22,0.0
1044,Nigeria,2015-05-22,0.0
1045,Liberia,2015-05-22,0.0
1046,Sierra Leone,2015-05-22,1.0
1047,Guinea,2015-05-22,1.0
1048,Italy,2015-05-22,0.0
1049,Mali,2015-05-22,0.0
1050,Guinea,2015-05-25,3.0
1051,Spain,2015-05-25,0.0
1052,Senegal,2015-05-25,0.0
1053,Nigeria,2015-05-25,0.0
1054,Mali,2015-05-25,0.0
1055,United Kingdom,2015-05-25,0.0
1056,Italy,2015-05-25,0.0
1057,Sierra Leone,2015-05-25,0.0
1058,Liberia,2015-05-25,0.0
1059,United States of America,2015-05-25,0.0
1060,United States of America,2015-05-26,0.0
1061,Senegal,2015-05-26,0.0
1062,Nigeria,2015-05-26,0.0
1063,Mali,2015-05-26,0.0
1064,United Kingdom,2015-05-26,0.0
1065,Italy,2015-05-26,0.0
1066,Sierra Leone,2015-05-26,0.0
1067,Liberia,2015-05-26,0.0
1068,Guinea,2015-05-26,2.0
1069,Spain,2015-05-26,0.0
1070,United States of America,2015-05-27,0.0
1071,Spain,2015-05-27,0.0
1072,Nigeria,2015-05-27,0.0
1073,Mali,2015-05-27,0.0
1074,Senegal,2015-05-27,0.0
1075,Italy,2015-05-27,0.0
1076,Sierra Leone,2015-05-27,0.0
1077,Liberia,2015-05-27,0.0
1078,Guinea,2015-05-27,0.0
1079,United Kingdom,2015-05-27,0.0
1080,United States of America,2015-05-28,0.0
1081,Spain,2015-05-28,0.0
1082,Senegal,2015-05-28,0.0
1083,Nigeria,2015-05-28,0.0
1084,Mali,2015-05-28,0.0
1085,United Kingdom,2015-05-28,0.0
1086,Sierra Leone,2015-05-28,3.0
1087,Liberia,2015-05-28,0.0
1088,Guinea,2015-05-28,4.0
1089,Italy,2015-05-28,0.0
1090,United States of America,2015-05-29,0.0
1091,Spain,2015-05-29,0.0
1092,Senegal,2015-05-29,0.0
1093,Mali,2015-05-29,0.0
1094,Nigeria,2015-05-29,0.0
1095,Italy,2015-05-29,0.0
1096,Sierra Leone,2015-05-29,3.0
1097,Liberia,2015-05-29,0.0
1098,Guinea,2015-05-29,2.0
1099,United Kingdom,2015-05-29,0.0
1100,Spain,2015-06-01,0.0
1101,Senegal,2015-06-01,0.0
1102,Nigeria,2015-06-01,0.0
1103,Mali,2015-06-01,0.0
1104,United States of America,2015-06-01,0.0
1105,Italy,2015-06-01,0.0
1106,Sierra Leone,2015-06-01,4.0
1107,Liberia,2015-06-01,0.0
1108,Guinea,2015-06-01,4.0
1109,United Kingdom,2015-06-01,0.0
1110,United States of America,2015-06-02,0.0
1111,Spain,2015-06-02,0.0
1112,Senegal,2015-06-02,0.0
1113,Nigeria,2015-06-02,0.0
1114,Mali,2015-06-02,0.0
1115,United Kingdom,2015-06-02,0.0
1116,Liberia,2015-06-02,0.0
1117,Guinea,2015-06-02,3.0
1118,Italy,2015-06-02,0.0
1119,Sierra Leone,2015-06-02,2.0
1120,Nigeria,2015-06-03,0.0
1121,Spain,2015-06-03,0.0
1122,Senegal,2015-06-03,0.0
1123,Mali,2015-06-03,0.0
1124,United States of America,2015-06-03,0.0
1125,Italy,2015-06-03,0.0
1126,Guinea,2015-06-03,0.0
1127,United Kingdom,2015-06-03,0.0
1128,Sierra Leone,2015-06-03,0.0
1129,Liberia,2015-06-03,0.0
1130,United States of America,2015-06-04,0.0
1131,Spain,2015-06-04,0.0
1132,Senegal,2015-06-04,0.0
1133,Mali,2015-06-04,0.0
1134,Nigeria,2015-06-04,0.0
1135,Italy,2015-06-04,0.0
1136,Sierra Leone,2015-06-04,3.0
1137,Liberia,2015-06-04,0.0
1138,Guinea,2015-06-04,4.0
1139,United Kingdom,2015-06-04,0.0
1140,United States of America,2015-06-05,0.0
1141,Spain,2015-06-05,0.0
1142,Senegal,2015-06-05,0.0
1143,Nigeria,2015-06-05,0.0
1144,Mali,2015-06-05,0.0
1145,United Kingdom,2015-06-05,0.0
1146,Liberia,2015-06-05,0.0
1147,Guinea,2015-06-05,1.0
1148,Italy,2015-06-05,0.0
1149,Sierra Leone,2015-06-05,1.0
1150,United States of America,2015-06-08,0.0
1151,Spain,2015-06-08,0.0
1152,Senegal,2015-06-08,0.0
1153,Nigeria,2015-06-08,0.0
1154,Mali,2015-06-08,0.0
1155,United Kingdom,2015-06-08,0.0
1156,Sierra Leone,2015-06-08,6.0
1157,Liberia,2015-06-08,0.0
1158,Guinea,2015-06-08,9.0
1159,Italy,2015-06-08,0.0
1160,Nigeria,2015-06-09,0.0
1161,Spain,2015-06-09,0.0
1162,Senegal,2015-06-09,0.0
1163,Mali,2015-06-09,0.0
1164,United States of America,2015-06-09,0.0
1165,Italy,2015-06-09,0.0
1166,Guinea,2015-06-09,2.0
1167,United Kingdom,2015-06-09,0.0
1168,Sierra Leone,2015-06-09,5.0
1169,Liberia,2015-06-09,0.0
1170,Liberia,2015-06-10,0.0
1171,Italy,2015-06-10,0.0
1172,Sierra Leone,2015-06-10,0.0
1173,Guinea,2015-06-10,0.0
1174,United Kingdom,2015-06-10,0.0
1175,Mali,2015-06-10,0.0
1176,Nigeria,2015-06-10,0.0
1177,Senegal,2015-06-10,0.0
1178,Spain,2015-06-10,0.0
1179,United States of America,2015-06-10,0.0
1180,United States of America,2015-06-11,0.0
1181,Spain,2015-06-11,0.0
1182,Senegal,2015-06-11,0.0
1183,Mali,2015-06-11,0.0
1184,Nigeria,2015-06-11,0.0
1185,Italy,2015-06-11,0.0
1186,Guinea,2015-06-11,4.0
1187,United Kingdom,2015-06-11,0.0
1188,Sierra Leone,2015-06-11,3.0
1189,Liberia,2015-06-11,0.0
1190,United States of America,2015-06-12,0.0
1191,Spain,2015-06-12,0.0
1192,Senegal,2015-06-12,0.0
1193,Mali,2015-06-12,0.0
1194,Nigeria,2015-06-12,0.0
1195,Italy,2015-06-12,0.0
1196,Sierra Leone,2015-06-12,9.0
1197,Liberia,2015-06-12,0.0
1198,Guinea,2015-06-12,0.0
1199,United Kingdom,2015-06-12,0.0
1200,United States of America,2015-06-15,0.0
1201,Spain,2015-06-15,0.0
1202,Senegal,2015-06-15,0.0
1203,Nigeria,2015-06-15,0.0
1204,Mali,2015-06-15,0.0
1205,United Kingdom,2015-06-15,0.0
1206,Sierra Leone,2015-06-15,2.0
1207,Guinea,2015-06-15,6.0
1208,Italy,2015-06-15,0.0
1209,Liberia,2015-06-15,0.0
1210,Italy,2015-06-16,0.0
1211,Guinea,2015-06-16,0.0
1212,Liberia,2015-06-16,0.0
1213,Sierra Leone,2015-06-16,0.0
1214,United Kingdom,2015-06-16,0.0
1215,Nigeria,2015-06-16,0.0
1216,Senegal,2015-06-16,0.0
1217,Spain,2015-06-16,0.0
1218,United States of America,2015-06-16,0.0
1219,Mali,2015-06-16,0.0
1220,United States of America,2015-06-17,0.0
1221,Mali,2015-06-17,0.0
1222,Spain,2015-06-17,0.0
1223,Senegal,2015-06-17,0.0
1224,Nigeria,2015-06-17,0.0
1225,United Kingdom,2015-06-17,0.0
1226,Liberia,2015-06-17,0.0
1227,Guinea,2015-06-17,0.0
1228,Italy,2015-06-17,0.0
1229,Sierra Leone,2015-06-17,0.0
1230,United States of America,2015-06-18,0.0
1231,Spain,2015-06-18,0.0
1232,Senegal,2015-06-18,0.0
1233,Nigeria,2015-06-18,0.0
1234,Mali,2015-06-18,0.0
1235,United Kingdom,2015-06-18,0.0
1236,Sierra Leone,2015-06-18,2.0
1237,Liberia,2015-06-18,0.0
1238,Guinea,2015-06-18,1.0
1239,Italy,2015-06-18,0.0
1240,Nigeria,2015-06-19,0.0
1241,United States of America,2015-06-19,0.0
1242,Spain,2015-06-19,0.0
1243,Mali,2015-06-19,0.0
1244,Senegal,2015-06-19,0.0
1245,Sierra Leone,2015-06-19,3.0
1246,Liberia,2015-06-19,0.0
1247,United Kingdom,2015-06-19,0.0
1248,Guinea,2015-06-19,1.0
1249,Italy,2015-06-19,0.0
1250,United States of America,2015-06-22,0.0
1251,Spain,2015-06-22,0.0
1252,Senegal,2015-06-22,0.0
1253,Nigeria,2015-06-22,0.0
1254,Mali,2015-06-22,0.0
1255,United Kingdom,2015-06-22,0.0
1256,Sierra Leone,2015-06-22,3.0
1257,Liberia,2015-06-22,0.0
1258,Guinea,2015-06-22,7.0
1259,Italy,2015-06-22,0.0
1260,United States of America,2015-06-23,0.0
1261,Spain,2015-06-23,0.0
1262,Senegal,2015-06-23,0.0
1263,Nigeria,2015-06-23,0.0
1264,Mali,2015-06-23,0.0
1265,United Kingdom,2015-06-23,0.0
1266,Italy,2015-06-23,0.0
1267,Sierra Leone,2015-06-23,0.0
1268,Liberia,2015-06-23,0.0
1269,Guinea,2015-06-23,3.0
1270,United States of America,2015-06-24,0.0
1271,Spain,2015-06-24,0.0
1272,Senegal,2015-06-24,0.0
1273,Nigeria,2015-06-24,0.0
1274,Mali,2015-06-24,0.0
1275,Italy,2015-06-24,0.0
1276,Sierra Leone,2015-06-24,0.0
1277,Liberia,2015-06-24,0.0
1278,Guinea,2015-06-24,0.0
1279,United Kingdom,2015-06-24,0.0
1280,Nigeria,2015-06-25,0.0
1281,United States of America,2015-06-25,0.0
1282,Spain,2015-06-25,0.0
1283,Senegal,2015-06-25,0.0
1284,Mali,2015-06-25,0.0
1285,United Kingdom,2015-06-25,0.0
1286,Italy,2015-06-25,0.0
1287,Sierra Leone,2015-06-25,3.0
1288,Liberia,2015-06-25,0.0
1289,Guinea,2015-06-25,7.0
1290,United States of America,2015-06-26,0.0
1291,Spain,2015-06-26,0.0
1292,Senegal,2015-06-26,0.0
1293,Nigeria,2015-06-26,0.0
1294,Mali,2015-06-26,0.0
1295,United Kingdom,2015-06-26,0.0
1296,Italy,2015-06-26,0.0
1297,Sierra Leone,2015-06-26,2.0
1298,Liberia,2015-06-26,0.0
1299,Guinea,2015-06-26,2.0
1300,United States of America,2015-06-29,0.0
1301,Spain,2015-06-29,0.0
1302,Senegal,2015-06-29,0.0
1303,Nigeria,2015-06-29,0.0
1304,Mali,2015-06-29,0.0
1305,Sierra Leone,2015-06-29,2.0
1306,Liberia,2015-06-29,0.0
1307,Guinea,2015-06-29,2.0
1308,Italy,2015-06-29,0.0
1309,United Kingdom,2015-06-29,0.0
1310,United Kingdom,2015-06-30,0.0
1311,Italy,2015-06-30,0.0
1312,Guinea,2015-06-30,1.0
1313,Liberia,2015-06-30,0.0
1314,Sierra Leone,2015-06-30,1.0
1315,Mali,2015-06-30,0.0
1316,Nigeria,2015-06-30,0.0
1317,Senegal,2015-06-30,0.0
1318,Spain,2015-06-30,0.0
1319,United States of America,2015-06-30,0.0
1320,Senegal,2015-07-01,0.0
1321,Nigeria,2015-07-01,0.0
1322,United States of America,2015-07-01,0.0
1323,Spain,2015-07-01,0.0
1324,Mali,2015-07-01,0.0
1325,Sierra Leone,2015-07-01,0.0
1326,Italy,2015-07-01,0.0
1327,United Kingdom,2015-07-01,0.0
1328,Liberia,2015-07-01,0.0
1329,Guinea,2015-07-01,0.0
1330,United States of America,2015-07-02,0.0
1331,Spain,2015-07-02,0.0
1332,Senegal,2015-07-02,0.0
1333,Nigeria,2015-07-02,0.0
1334,Mali,2015-07-02,0.0
1335,Sierra Leone,2015-07-02,3.0
1336,Liberia,2015-07-02,0.0
1337,Guinea,2015-07-02,8.0
1338,Italy,2015-07-02,0.0
1339,United Kingdom,2015-07-02,0.0
1340,Nigeria,2015-07-03,0.0
1341,United States of America,2015-07-03,0.0
1342,Spain,2015-07-03,0.0
1343,Senegal,2015-07-03,0.0
1344,United Kingdom,2015-07-03,0.0
1345,Mali,2015-07-03,0.0
1346,Liberia 2,2015-07-03,3.0
1347,Sierra Leone,2015-07-03,3.0
1348,Liberia,2015-07-03,0.0
1349,Guinea,2015-07-03,2.0
1350,Italy,2015-07-03,0.0
1351,United Kingdom,2015-07-06,0.0
1352,Spain,2015-07-06,0.0
1353,Senegal,2015-07-06,0.0
1354,Nigeria,2015-07-06,0.0
1355,Mali,2015-07-06,0.0
1356,Liberia 2,2015-07-06,0.0
1357,United States of America,2015-07-06,0.0
1358,Sierra Leone,2015-07-06,2.0
1359,Liberia,2015-07-06,0.0
1360,Guinea,2015-07-06,8.0
1361,Italy,2015-07-06,0.0
1362,Senegal,2015-07-07,0.0
1363,Nigeria,2015-07-07,0.0
1364,United States of America,2015-07-07,0.0
1365,Spain,2015-07-07,0.0
1366,Mali,2015-07-07,0.0
1367,Guinea,2015-07-07,0.0
1368,Italy,2015-07-07,0.0
1369,Liberia 2,2015-07-07,0.0
1370,Sierra Leone,2015-07-07,1.0
1371,Liberia,2015-07-07,0.0
1372,United Kingdom,2015-07-07,0.0
1373,Spain,2015-07-08,0.0
1374,Senegal,2015-07-08,0.0
1375,Nigeria,2015-07-08,0.0
1376,Mali,2015-07-08,0.0
1377,United Kingdom,2015-07-08,0.0
1378,United States of America,2015-07-08,0.0
1379,Liberia 2,2015-07-08,0.0
1380,Guinea,2015-07-08,0.0
1381,Sierra Leone,2015-07-08,0.0
1382,Liberia,2015-07-08,0.0
1383,Italy,2015-07-08,0.0
1384,United States of America,2015-07-09,0.0
1385,Spain,2015-07-09,0.0
1386,Senegal,2015-07-09,0.0
1387,Nigeria,2015-07-09,0.0
1388,Mali,2015-07-09,0.0
1389,United Kingdom,2015-07-09,0.0
1390,Liberia 2,2015-07-09,2.0
1391,Sierra Leone,2015-07-09,1.0
1392,Liberia,2015-07-09,0.0
1393,Guinea,2015-07-09,3.0
1394,Italy,2015-07-09,0.0
1395,Nigeria,2015-07-10,0.0
1396,United States of America,2015-07-10,0.0
1397,Spain,2015-07-10,0.0
1398,Senegal,2015-07-10,0.0
1399,Mali,2015-07-10,0.0
1400,Italy,2015-07-10,0.0
1401,United Kingdom,2015-07-10,0.0
1402,Liberia 2,2015-07-10,0.0
1403,Sierra Leone,2015-07-10,1.0
1404,Liberia,2015-07-10,0.0
1405,Guinea,2015-07-10,3.0
1406,United States of America,2015-07-13,0.0
1407,Spain,2015-07-13,0.0
1408,Senegal,2015-07-13,0.0
1409,Nigeria,2015-07-13,0.0
1410,Mali,2015-07-13,0.0
1411,United Kingdom,2015-07-13,0.0
1412,Italy,2015-07-13,0.0
1413,Liberia 2,2015-07-13,0.0
1414,Sierra Leone,2015-07-13,11.0
1415,Liberia,2015-07-13,0.0
1416,Guinea,2015-07-13,6.0
1417,United States of America,2015-07-14,0.0
1418,Spain,2015-07-14,0.0
1419,Senegal,2015-07-14,0.0
1420,Nigeria,2015-07-14,0.0
1421,Mali,2015-07-14,0.0
1422,United Kingdom,2015-07-14,0.0
1423,Italy,2015-07-14,0.0
1424,Liberia 2,2015-07-14,1.0
1425,Sierra Leone,2015-07-14,1.0
1426,Liberia,2015-07-14,0.0
1427,Guinea,2015-07-14,1.0
1428,United States of America,2015-07-15,0.0
1429,Spain,2015-07-15,0.0
1430,Senegal,2015-07-15,0.0
1431,Nigeria,2015-07-15,0.0
1432,Mali,2015-07-15,0.0
1433,United Kingdom,2015-07-15,0.0
1434,Italy,2015-07-15,0.0
1435,Liberia 2,2015-07-15,0.0
1436,Guinea,2015-07-15,0.0
1437,Liberia,2015-07-15,0.0
1438,Sierra Leone,2015-07-15,0.0
1439,United States of America,2015-07-16,0.0
1440,Spain,2015-07-16,0.0
1441,Senegal,2015-07-16,0.0
1442,Nigeria,2015-07-16,0.0
1443,Mali,2015-07-16,0.0
1444,Guinea,2015-07-16,4.0
1445,Italy,2015-07-16,0.0
1446,Liberia 2,2015-07-16,0.0
1447,Sierra Leone,2015-07-16,0.0
1448,Liberia,2015-07-16,0.0
1449,United Kingdom,2015-07-16,0.0
1450,United States of America,2015-07-17,0.0
1451,Spain,2015-07-17,0.0
1452,Senegal,2015-07-17,0.0
1453,Nigeria,2015-07-17,0.0
1454,Mali,2015-07-17,0.0
1455,United Kingdom,2015-07-17,0.0
1456,Italy,2015-07-17,0.0
1457,Liberia 2,2015-07-17,0.0
1458,Sierra Leone,2015-07-17,0.0
1459,Liberia,2015-07-17,0.0
1460,Guinea,2015-07-17,6.0
1461,United States of America,2015-07-20,0.0
1462,Spain,2015-07-20,0.0
1463,Senegal,2015-07-20,0.0
1464,Nigeria,2015-07-20,0.0
1465,Mali,2015-07-20,0.0
1466,Guinea,2015-07-20,12.0
1467,Italy,2015-07-20,0.0
1468,Liberia 2,2015-07-20,0.0
1469,Sierra Leone,2015-07-20,4.0
1470,Liberia,2015-07-20,0.0
1471,United Kingdom,2015-07-20,0.0
1472,Mali,2015-07-21,0.0
1473,United States of America,2015-07-21,0.0
1474,Spain,2015-07-21,0.0
1475,Senegal,2015-07-21,0.0
1476,Nigeria,2015-07-21,0.0
1477,United Kingdom,2015-07-21,0.0
1478,Liberia 2,2015-07-21,0.0
1479,Italy,2015-07-21,0.0
1480,Sierra Leone,2015-07-21,0.0
1481,Liberia,2015-07-21,0.0
1482,Guinea,2015-07-21,0.0
1483,United States of America,2015-07-22,0.0
1484,Senegal,2015-07-22,0.0
1485,Nigeria,2015-07-22,0.0
1486,Mali,2015-07-22,0.0
1487,United Kingdom,2015-07-22,0.0
1488,Spain,2015-07-22,0.0
1489,Liberia 2,2015-07-22,0.0
1490,Sierra Leone,2015-07-22,0.0
1491,Liberia,2015-07-22,0.0
1492,Guinea,2015-07-22,0.0
1493,Italy,2015-07-22,0.0
1494,Spain,2015-07-23,0.0
1495,Senegal,2015-07-23,0.0
1496,Nigeria,2015-07-23,0.0
1497,Mali,2015-07-23,0.0
1498,United Kingdom,2015-07-23,0.0
1499,Liberia 2,2015-07-23,0.0
1500,Sierra Leone,2015-07-23,1.0
1501,Liberia,2015-07-23,0.0
1502,United States of America,2015-07-23,0.0
1503,Italy,2015-07-23,0.0
1504,Guinea,2015-07-23,3.0
1505,Senegal,2015-07-24,0.0
1506,Spain,2015-07-24,0.0
1507,Nigeria,2015-07-24,0.0
1508,United States of America,2015-07-24,0.0
1509,Mali,2015-07-24,0.0
1510,United Kingdom,2015-07-24,0.0
1511,Italy,2015-07-24,0.0
1512,Liberia 2,2015-07-24,0.0
1513,Sierra Leone,2015-07-24,0.0
1514,Liberia,2015-07-24,0.0
1515,Guinea,2015-07-24,0.0
1516,Spain,2015-07-27,0.0
1517,Senegal,2015-07-27,0.0
1518,Nigeria,2015-07-27,0.0
1519,Mali,2015-07-27,0.0
1520,United Kingdom,2015-07-27,0.0
1521,United States of America,2015-07-27,0.0
1522,Liberia 2,2015-07-27,0.0
1523,Sierra Leone,2015-07-27,1.0
1524,Liberia,2015-07-27,0.0
1525,Guinea,2015-07-27,0.0
1526,Italy,2015-07-27,0.0
1527,United States of America,2015-07-28,0.0
1528,Spain,2015-07-28,0.0
1529,Senegal,2015-07-28,0.0
1530,Nigeria,2015-07-28,0.0
1531,Mali,2015-07-28,0.0
1532,United Kingdom,2015-07-28,0.0
1533,Liberia 2,2015-07-28,0.0
1534,Sierra Leone,2015-07-28,0.0
1535,Liberia,2015-07-28,0.0
1536,Guinea,2015-07-28,1.0
1537,Italy,2015-07-28,0.0
1538,Mali,2015-07-29,0.0
1539,Spain,2015-07-29,0.0
1540,Senegal,2015-07-29,0.0
1541,Nigeria,2015-07-29,0.0
1542,United Kingdom,2015-07-29,0.0
1543,United States of America,2015-07-29,0.0
1544,Liberia 2,2015-07-29,0.0
1545,Guinea,2015-07-29,0.0
1546,Sierra Leone,2015-07-29,0.0
1547,Liberia,2015-07-29,0.0
1548,Italy,2015-07-29,0.0
1549,Nigeria,2015-07-30,0.0
1550,Mali,2015-07-30,0.0
1551,United States of America,2015-07-30,0.0
1552,Senegal,2015-07-30,0.0
1553,United Kingdom,2015-07-30,0.0
1554,Spain,2015-07-30,0.0
1555,Liberia 2,2015-07-30,0.0
1556,Guinea,2015-07-30,0.0
1557,Sierra Leone,2015-07-30,0.0
1558,Italy,2015-07-30,0.0
1559,Liberia,2015-07-30,0.0
1560,Spain,2015-07-31,0.0
1561,Senegal,2015-07-31,0.0
1562,Nigeria,2015-07-31,0.0
1563,Mali,2015-07-31,0.0
1564,United Kingdom,2015-07-31,0.0
1565,United States of America,2015-07-31,0.0
1566,Liberia 2,2015-07-31,0.0
1567,Sierra Leone,2015-07-31,0.0
1568,Liberia,2015-07-31,0.0
1569,Guinea,2015-07-31,0.0
1570,Italy,2015-07-31,0.0
1571,United States of America,2015-08-03,0.0
1572,Spain,2015-08-03,0.0
1573,Senegal,2015-08-03,0.0
1574,Nigeria,2015-08-03,0.0
1575,Mali,2015-08-03,0.0
1576,United Kingdom,2015-08-03,0.0
1577,Liberia 2,2015-08-03,0.0
1578,Guinea,2015-08-03,1.0
1579,Sierra Leone,2015-08-03,1.0
1580,Liberia,2015-08-03,0.0
1581,Italy,2015-08-03,0.0
1582,Mali,2015-08-04,0.0
1583,Spain,2015-08-04,0.0
1584,Senegal,2015-08-04,0.0
1585,Nigeria,2015-08-04,0.0
1586,United Kingdom,2015-08-04,0.0
1587,United States of America,2015-08-04,0.0
1588,Liberia 2,2015-08-04,0.0
1589,Liberia,2015-08-04,0.0
1590,Italy,2015-08-04,0.0
1591,Sierra Leone,2015-08-04,0.0
1592,Guinea,2015-08-04,0.0
1593,United States of America,2015-08-05,0.0
1594,Spain,2015-08-05,0.0
1595,Senegal,2015-08-05,0.0
1596,Nigeria,2015-08-05,0.0
1597,Mali,2015-08-05,0.0
1598,Liberia 2,2015-08-05,0.0
1599,Sierra Leone,2015-08-05,0.0
1600,Guinea,2015-08-05,0.0
1601,Liberia,2015-08-05,0.0
1602,Italy,2015-08-05,0.0
1603,United Kingdom,2015-08-05,0.0
1604,Mali,2015-08-06,0.0
1605,United States of America,2015-08-06,0.0
1606,Spain,2015-08-06,0.0
1607,Senegal,2015-08-06,0.0
1608,Nigeria,2015-08-06,0.0
1609,United Kingdom,2015-08-06,0.0
1610,Liberia 2,2015-08-06,0.0
1611,Sierra Leone,2015-08-06,1.0
1612,Liberia,2015-08-06,0.0
1613,Guinea,2015-08-06,2.0
1614,Italy,2015-08-06,0.0
1615,United States of America,2015-08-07,0.0
1616,Spain,2015-08-07,0.0
1617,Senegal,2015-08-07,0.0
1618,Nigeria,2015-08-07,0.0
1619,Mali,2015-08-07,0.0
1620,United Kingdom,2015-08-07,0.0
1621,Liberia 2,2015-08-07,0.0
1622,Guinea,2015-08-07,0.0
1623,Sierra Leone,2015-08-07,0.0
1624,Liberia,2015-08-07,0.0
1625,Italy,2015-08-07,0.0
1626,Nigeria,2015-08-10,0.0
1627,United States of America,2015-08-10,0.0
1628,Spain,2015-08-10,0.0
1629,Senegal,2015-08-10,0.0
1630,Mali,2015-08-10,0.0
1631,United Kingdom,2015-08-10,0.0
1632,Italy,2015-08-10,0.0
1633,Liberia 2,2015-08-10,0.0
1634,Guinea,2015-08-10,0.0
1635,Sierra Leone,2015-08-10,1.0
1636,Liberia,2015-08-10,0.0
1637,Spain,2015-08-11,0.0
1638,Senegal,2015-08-11,0.0
1639,Nigeria,2015-08-11,0.0
1640,Mali,2015-08-11,0.0
1641,United Kingdom,2015-08-11,0.0
1642,United States of America,2015-08-11,0.0
1643,Liberia 2,2015-08-11,0.0
1644,Guinea,2015-08-11,0.0
1645,Sierra Leone,2015-08-11,0.0
1646,Liberia,2015-08-11,0.0
1647,Italy,2015-08-11,0.0
1648,United States of America,2015-08-12,0.0
1649,Spain,2015-08-12,0.0
1650,Senegal,2015-08-12,0.0
1651,Nigeria,2015-08-12,0.0
1652,Mali,2015-08-12,0.0
1653,United Kingdom,2015-08-12,0.0
1654,Liberia 2,2015-08-12,0.0
1655,Guinea,2015-08-12,0.0
1656,Sierra Leone,2015-08-12,0.0
1657,Liberia,2015-08-12,0.0
1658,Italy,2015-08-12,0.0
1659,Mali,2015-08-13,0.0
1660,Spain,2015-08-13,0.0
1661,Senegal,2015-08-13,0.0
1662,Nigeria,2015-08-13,0.0
1663,United Kingdom,2015-08-13,0.0
1664,United States of America,2015-08-13,0.0
1665,Liberia 2,2015-08-13,0.0
1666,Sierra Leone,2015-08-13,0.0
1667,Italy,2015-08-13,0.0
1668,Guinea,2015-08-13,1.0
1669,Liberia,2015-08-13,0.0
1670,United States of America,2015-08-14,0.0
1671,Spain,2015-08-14,0.0
1672,Senegal,2015-08-14,0.0
1673,Nigeria,2015-08-14,0.0
1674,Mali,2015-08-14,0.0
1675,Liberia 2,2015-08-14,0.0
1676,Sierra Leone,2015-08-14,0.0
1677,Guinea,2015-08-14,0.0
1678,Liberia,2015-08-14,0.0
1679,Italy,2015-08-14,0.0
1680,United Kingdom,2015-08-14,0.0
1681,Mali,2015-08-17,0.0
1682,United States of America,2015-08-17,0.0
1683,Spain,2015-08-17,0.0
1684,Senegal,2015-08-17,0.0
1685,Nigeria,2015-08-17,0.0
1686,United Kingdom,2015-08-17,0.0
1687,Liberia 2,2015-08-17,0.0
1688,Sierra Leone,2015-08-17,0.0
1689,Liberia,2015-08-17,0.0
1690,Guinea,2015-08-17,2.0
1691,Italy,2015-08-17,0.0
1692,United States of America,2015-08-18,0.0
1693,Spain,2015-08-18,0.0
1694,Senegal,2015-08-18,0.0
1695,Nigeria,2015-08-18,0.0
1696,Mali,2015-08-18,0.0
1697,United Kingdom,2015-08-18,0.0
1698,Liberia 2,2015-08-18,0.0
1699,Sierra Leone,2015-08-18,0.0
1700,Liberia,2015-08-18,0.0
1701,Guinea,2015-08-18,0.0
1702,Italy,2015-08-18,0.0
1703,Mali,2015-08-19,0.0
1704,Spain,2015-08-19,0.0
1705,Senegal,2015-08-19,0.0
1706,Nigeria,2015-08-19,0.0
1707,United Kingdom,2015-08-19,0.0
1708,United States of America,2015-08-19,0.0
1709,Liberia 2,2015-08-19,0.0
1710,Guinea,2015-08-19,0.0
1711,Liberia,2015-08-19,0.0
1712,Sierra Leone,2015-08-19,0.0
1713,Italy,2015-08-19,0.0
1714,Spain,2015-08-20,0.0
1715,Senegal,2015-08-20,0.0
1716,Nigeria,2015-08-20,0.0
1717,Mali,2015-08-20,0.0
1718,United Kingdom,2015-08-20,0.0
1719,United States of America,2015-08-20,0.0
1720,Liberia 2,2015-08-20,0.0
1721,Guinea,2015-08-20,2.0
1722,Sierra Leone,2015-08-20,0.0
1723,Liberia,2015-08-20,0.0
1724,Italy,2015-08-20,0.0
1725,United States of America,2015-08-21,0.0
1726,Spain,2015-08-21,0.0
1727,Senegal,2015-08-21,0.0
1728,Nigeria,2015-08-21,0.0
1729,Mali,2015-08-21,0.0
1730,United Kingdom,2015-08-21,0.0
1731,Liberia 2,2015-08-21,0.0
1732,Guinea,2015-08-21,0.0
1733,Sierra Leone,2015-08-21,0.0
1734,Liberia,2015-08-21,0.0
1735,Italy,2015-08-21,0.0
1736,Mali,2015-08-24,0.0
1737,Spain,2015-08-24,0.0
1738,Senegal,2015-08-24,0.0
1739,Nigeria,2015-08-24,0.0
1740,United Kingdom,2015-08-24,0.0
1741,United States of America,2015-08-24,0.0
1742,Liberia 2,2015-08-24,0.0
1743,Liberia,2015-08-24,0.0
1744,Italy,2015-08-24,0.0
1745,Guinea,2015-08-24,0.0
1746,Sierra Leone,2015-08-24,0.0
1747,United States of America,2015-08-25,0.0
1748,Spain,2015-08-25,0.0
1749,Senegal,2015-08-25,0.0
1750,Nigeria,2015-08-25,0.0
1751,Mali,2015-08-25,0.0
1752,Liberia 2,2015-08-25,0.0
1753,Sierra Leone,2015-08-25,0.0
1754,Liberia,2015-08-25,0.0
1755,Guinea,2015-08-25,1.0
1756,Italy,2015-08-25,0.0
1757,United Kingdom,2015-08-25,0.0
1758,Mali,2015-08-26,0.0
1759,United States of America,2015-08-26,0.0
1760,Spain,2015-08-26,0.0
1761,Senegal,2015-08-26,0.0
1762,Nigeria,2015-08-26,0.0
1763,United Kingdom,2015-08-26,0.0
1764,Liberia 2,2015-08-26,0.0
1765,Liberia,2015-08-26,0.0
1766,Sierra Leone,2015-08-26,0.0
1767,Guinea,2015-08-26,0.0
1768,Italy,2015-08-26,0.0
1769,United States of America,2015-08-27,0.0
1770,Spain,2015-08-27,0.0
1771,Senegal,2015-08-27,0.0
1772,Nigeria,2015-08-27,0.0
1773,Mali,2015-08-27,0.0
1774,United Kingdom,2015-08-27,0.0
1775,Liberia 2,2015-08-27,0.0
1776,Guinea,2015-08-27,1.0
1777,Sierra Leone,2015-08-27,0.0
1778,Liberia,2015-08-27,0.0
1779,Italy,2015-08-27,0.0
1780,Mali,2015-08-28,0.0
1781,Spain,2015-08-28,0.0
1782,Senegal,2015-08-28,0.0
1783,Nigeria,2015-08-28,0.0
1784,United Kingdom,2015-08-28,0.0
1785,United States of America,2015-08-28,0.0
1786,Liberia 2,2015-08-28,0.0
1787,Liberia,2015-08-28,0.0
1788,Italy,2015-08-28,0.0
1789,Guinea,2015-08-28,0.0
1790,Sierra Leone,2015-08-28,0.0
1791,Liberia,2015-08-31,0.0
1792,Sierra Leone,2015-08-31,1.0
1793,Guinea,2015-08-31,1.0
1794,Liberia 2,2015-08-31,0.0
1795,Italy,2015-08-31,0.0
1796,United Kingdom,2015-08-31,0.0
1797,Nigeria,2015-08-31,0.0
1798,Senegal,2015-08-31,0.0
1799,Spain,2015-08-31,0.0
1800,United States of America,2015-08-31,0.0
1801,Mali,2015-08-31,0.0
1802,Nigeria,2015-09-01,0.0
1803,Spain,2015-09-01,0.0
1804,Senegal,2015-09-01,0.0
1805,United States of America,2015-09-01,0.0
1806,Mali,2015-09-01,0.0
1807,United Kingdom,2015-09-01,0.0
1808,Liberia 2,2015-09-01,0.0
1809,Sierra Leone,2015-09-01,0.0
1810,Liberia,2015-09-01,0.0
1811,Guinea,2015-09-01,0.0
1812,Italy,2015-09-01,0.0
1813,United States of America,2015-09-02,0.0
1814,Spain,2015-09-02,0.0
1815,Senegal,2015-09-02,0.0
1816,Nigeria,2015-09-02,0.0
1817,Mali,2015-09-02,0.0
1818,Italy,2015-09-02,0.0
1819,Liberia 2,2015-09-02,0.0
1820,Sierra Leone,2015-09-02,0.0
1821,Guinea,2015-09-02,0.0
1822,Liberia,2015-09-02,0.0
1823,United Kingdom,2015-09-02,0.0
1824,United States of America,2015-09-03,0.0
1825,Spain,2015-09-03,0.0
1826,Senegal,2015-09-03,0.0
1827,Nigeria,2015-09-03,0.0
1828,Mali,2015-09-03,0.0
1829,United Kingdom,2015-09-03,0.0
1830,Liberia 2,2015-09-03,0.0
1831,Guinea,2015-09-03,1.0
1832,Italy,2015-09-03,0.0
1833,Sierra Leone,2015-09-03,0.0
1834,Liberia,2015-09-03,0.0
1835,United States of America,2015-09-04,0.0
1836,Spain,2015-09-04,0.0
1837,Senegal,2015-09-04,0.0
1838,Nigeria,2015-09-04,0.0
1839,Mali,2015-09-04,0.0
1840,Liberia 2,2015-09-04,0.0
1841,Guinea,2015-09-04,0.0
1842,Sierra Leone,2015-09-04,0.0
1843,Liberia,2015-09-04,0.0
1844,Italy,2015-09-04,0.0
1845,United Kingdom,2015-09-04,0.0
1846,Mali,2015-09-07,0.0
1847,United States of America,2015-09-07,0.0
1848,Spain,2015-09-07,0.0
1849,Senegal,2015-09-07,0.0
1850,Nigeria,2015-09-07,0.0
1851,United Kingdom,2015-09-07,0.0
1852,Liberia 2,2015-09-07,0.0
1853,Sierra Leone,2015-09-07,1.0
1854,Liberia,2015-09-07,0.0
1855,Guinea,2015-09-07,0.0
1856,Italy,2015-09-07,0.0
1857,United States of America,2015-09-08,0.0
1858,Spain,2015-09-08,0.0
1859,Senegal,2015-09-08,0.0
1860,Nigeria,2015-09-08,0.0
1861,Mali,2015-09-08,0.0
1862,United Kingdom,2015-09-08,0.0
1863,Liberia 2,2015-09-08,0.0
1864,Guinea,2015-09-08,0.0
1865,Sierra Leone,2015-09-08,0.0
1866,Liberia,2015-09-08,0.0
1867,Italy,2015-09-08,0.0
1868,Nigeria,2015-09-09,0.0
1869,Spain,2015-09-09,0.0
1870,Senegal,2015-09-09,0.0
1871,United States of America,2015-09-09,0.0
1872,Mali,2015-09-09,0.0
1873,Sierra Leone,2015-09-09,0.0
1874,Italy,2015-09-09,0.0
1875,Liberia 2,2015-09-09,0.0
1876,Guinea,2015-09-09,0.0
1877,Liberia,2015-09-09,0.0
1878,United Kingdom,2015-09-09,0.0
1879,Spain,2015-09-10,0.0
1880,Senegal,2015-09-10,0.0
1881,Nigeria,2015-09-10,0.0
1882,Mali,2015-09-10,0.0
1883,United Kingdom,2015-09-10,0.0
1884,United States of America,2015-09-10,0.0
1885,Liberia 2,2015-09-10,0.0
1886,Guinea,2015-09-10,0.0
1887,Sierra Leone,2015-09-10,3.0
1888,Liberia,2015-09-10,0.0
1889,Italy,2015-09-10,0.0
1890,United States of America,2015-09-11,0.0
1891,Spain,2015-09-11,0.0
1892,Senegal,2015-09-11,0.0
1893,Nigeria,2015-09-11,0.0
1894,Mali,2015-09-11,0.0
1895,United Kingdom,2015-09-11,0.0
1896,Liberia 2,2015-09-11,0.0
1897,Guinea,2015-09-11,0.0
1898,Sierra Leone,2015-09-11,1.0
1899,Liberia,2015-09-11,0.0
1900,Italy,2015-09-11,0.0
1901,Mali,2015-09-14,0.0
1902,Spain,2015-09-14,0.0
1903,Senegal,2015-09-14,0.0
1904,Nigeria,2015-09-14,0.0
1905,United Kingdom,2015-09-14,0.0
1906,United States of America,2015-09-14,0.0
1907,Liberia 2,2015-09-14,0.0
1908,Liberia,2015-09-14,0.0
1909,Italy,2015-09-14,0.0
1910,Guinea,2015-09-14,0.0
1911,Sierra Leone,2015-09-14,0.0
1912,United States of America,2015-09-15,0.0
1913,Spain,2015-09-15,0.0
1914,Senegal,2015-09-15,0.0
1915,Nigeria,2015-09-15,0.0
1916,Mali,2015-09-15,0.0
1917,Liberia 2,2015-09-15,0.0
1918,Sierra Leone,2015-09-15,1.0
1919,Liberia,2015-09-15,0.0
1920,Guinea,2015-09-15,0.0
1921,Italy,2015-09-15,0.0
1922,United Kingdom,2015-09-15,0.0
1923,Mali,2015-09-16,0.0
1924,United States of America,2015-09-16,0.0
1925,Spain,2015-09-16,0.0
1926,Senegal,2015-09-16,0.0
1927,Nigeria,2015-09-16,0.0
1928,United Kingdom,2015-09-16,0.0
1929,Liberia 2,2015-09-16,0.0
1930,Liberia,2015-09-16,0.0
1931,Sierra Leone,2015-09-16,0.0
1932,Guinea,2015-09-16,0.0
1933,Italy,2015-09-16,0.0
1934,United States of America,2015-09-17,0.0
1935,Spain,2015-09-17,0.0
1936,Senegal,2015-09-17,0.0
1937,Nigeria,2015-09-17,0.0
1938,Mali,2015-09-17,0.0
1939,United Kingdom,2015-09-17,0.0
1940,Liberia 2,2015-09-17,0.0
1941,Guinea,2015-09-17,0.0
1942,Sierra Leone,2015-09-17,0.0
1943,Liberia,2015-09-17,0.0
1944,Italy,2015-09-17,0.0
1945,Nigeria,2015-09-18,0.0
1946,United States of America,2015-09-18,0.0
1947,Spain,2015-09-18,0.0
1948,Senegal,2015-09-18,0.0
1949,Mali,2015-09-18,0.0
1950,United Kingdom,2015-09-18,0.0
1951,Italy,2015-09-18,0.0
1952,Liberia 2,2015-09-18,0.0
1953,Guinea,2015-09-18,1.0
1954,Sierra Leone,2015-09-18,0.0
1955,Liberia,2015-09-18,0.0
1956,Spain,2015-09-21,0.0
1957,Senegal,2015-09-21,0.0
1958,Nigeria,2015-09-21,0.0
1959,Mali,2015-09-21,0.0
1960,United Kingdom,2015-09-21,0.0
1961,United States of America,2015-09-21,0.0
1962,Liberia 2,2015-09-21,0.0
1963,Sierra Leone,2015-09-21,0.0
1964,Liberia,2015-09-21,0.0
1965,Guinea,2015-09-21,1.0
1966,Italy,2015-09-21,0.0
1967,United States of America,2015-09-22,0.0
1968,Spain,2015-09-22,0.0
1969,Senegal,2015-09-22,0.0
1970,Nigeria,2015-09-22,0.0
1971,Mali,2015-09-22,0.0
1972,United Kingdom,2015-09-22,0.0
1973,Liberia 2,2015-09-22,0.0
1974,Sierra Leone,2015-09-22,0.0
1975,Liberia,2015-09-22,0.0
1976,Guinea,2015-09-22,0.0
1977,Italy,2015-09-22,0.0
1978,Mali,2015-09-23,0.0
1979,Spain,2015-09-23,0.0
1980,Senegal,2015-09-23,0.0
1981,Nigeria,2015-09-23,0.0
1982,United Kingdom,2015-09-23,0.0
1983,United States of America,2015-09-23,0.0
1984,Liberia 2,2015-09-23,0.0
1985,Sierra Leone,2015-09-23,0.0
1986,Italy,2015-09-23,0.0
1987,Liberia,2015-09-23,0.0
1988,Guinea,2015-09-23,0.0
1989,United States of America,2015-09-24,0.0
1990,Spain,2015-09-24,0.0
1991,Senegal,2015-09-24,0.0
1992,Nigeria,2015-09-24,0.0
1993,Mali,2015-09-24,0.0
1994,Liberia 2,2015-09-24,0.0
1995,Sierra Leone,2015-09-24,0.0
1996,Guinea,2015-09-24,0.0
1997,Liberia,2015-09-24,0.0
1998,Italy,2015-09-24,0.0
1999,United Kingdom,2015-09-24,0.0
2000,Mali,2015-09-25,0.0
2001,United States of America,2015-09-25,0.0
2002,Spain,2015-09-25,0.0
2003,Senegal,2015-09-25,0.0
2004,Nigeria,2015-09-25,0.0
2005,United Kingdom,2015-09-25,0.0
2006,Liberia 2,2015-09-25,0.0
2007,Guinea,2015-09-25,0.0
2008,Sierra Leone,2015-09-25,0.0
2009,Liberia,2015-09-25,0.0
2010,Italy,2015-09-25,0.0
2011,United States of America,2015-09-28,0.0
2012,Spain,2015-09-28,0.0
2013,Senegal,2015-09-28,0.0
2014,Nigeria,2015-09-28,0.0
2015,Mali,2015-09-28,0.0
2016,United Kingdom,2015-09-28,0.0
2017,Liberia 2,2015-09-28,0.0
2018,Guinea,2015-09-28,2.0
2019,Sierra Leone,2015-09-28,0.0
2020,Liberia,2015-09-28,0.0
2021,Italy,2015-09-28,0.0
2022,Nigeria,2015-09-29,0.0
2023,United States of America,2015-09-29,0.0
2024,Spain,2015-09-29,0.0
2025,Senegal,2015-09-29,0.0
2026,Mali,2015-09-29,0.0
2027,United Kingdom,2015-09-29,0.0
2028,Italy,2015-09-29,0.0
2029,Liberia 2,2015-09-29,0.0
2030,Sierra Leone,2015-09-29,0.0
2031,Liberia,2015-09-29,0.0
2032,Guinea,2015-09-29,2.0
2033,Spain,2015-09-30,0.0
2034,Senegal,2015-09-30,0.0
2035,Nigeria,2015-09-30,0.0
2036,Mali,2015-09-30,0.0
2037,United Kingdom,2015-09-30,0.0
2038,United States of America,2015-09-30,0.0
2039,Liberia 2,2015-09-30,0.0
2040,Sierra Leone,2015-09-30,0.0
2041,Guinea,2015-09-30,0.0
2042,Liberia,2015-09-30,0.0
2043,Italy,2015-09-30,0.0
2044,United States of America,2015-10-01,0.0
2045,Spain,2015-10-01,0.0
2046,Senegal,2015-10-01,0.0
2047,Nigeria,2015-10-01,0.0
2048,Mali,2015-10-01,0.0
2049,United Kingdom,2015-10-01,0.0
2050,Liberia 2,2015-10-01,0.0
2051,Guinea,2015-10-01,0.0
2052,Sierra Leone,2015-10-01,0.0
2053,Liberia,2015-10-01,0.0
2054,Italy,2015-10-01,0.0
2055,Mali,2015-10-02,0.0
2056,Spain,2015-10-02,0.0
2057,Senegal,2015-10-02,0.0
2058,Nigeria,2015-10-02,0.0
2059,United Kingdom,2015-10-02,0.0
2060,United States of America,2015-10-02,0.0
2061,Liberia 2,2015-10-02,0.0
2062,Liberia,2015-10-02,0.0
2063,Italy,2015-10-02,0.0
2064,Guinea,2015-10-02,0.0
2065,Sierra Leone,2015-10-02,0.0
2066,United States of America,2015-10-05,0.0
2067,Spain,2015-10-05,0.0
2068,Senegal,2015-10-05,0.0
2069,Nigeria,2015-10-05,0.0
2070,Mali,2015-10-05,0.0
2071,Liberia 2,2015-10-05,0.0
2072,Guinea,2015-10-05,0.0
2073,Sierra Leone,2015-10-05,0.0
2074,Liberia,2015-10-05,0.0
2075,Italy,2015-10-05,0.0
2076,United Kingdom,2015-10-05,0.0
2077,Mali,2015-10-06,0.0
2078,United States of America,2015-10-06,0.0
2079,Spain,2015-10-06,0.0
2080,Senegal,2015-10-06,0.0
2081,Nigeria,2015-10-06,0.0
2082,United Kingdom,2015-10-06,0.0
2083,Liberia 2,2015-10-06,0.0
2084,Guinea,2015-10-06,0.0
2085,Liberia,2015-10-06,0.0
2086,Sierra Leone,2015-10-06,0.0
2087,Italy,2015-10-06,0.0
2088,United States of America,2015-10-07,0.0
2089,Spain,2015-10-07,0.0
2090,Senegal,2015-10-07,0.0
2091,Nigeria,2015-10-07,0.0
2092,Mali,2015-10-07,0.0
2093,United Kingdom,2015-10-07,0.0
2094,Liberia 2,2015-10-07,0.0
2095,Guinea,2015-10-07,0.0
2096,Sierra Leone,2015-10-07,0.0
2097,Liberia,2015-10-07,0.0
2098,Italy,2015-10-07,0.0
2099,Nigeria,2015-10-08,0.0
2100,United States of America,2015-10-08,0.0
2101,Spain,2015-10-08,0.0
2102,Senegal,2015-10-08,0.0
2103,Mali,2015-10-08,0.0
2104,United Kingdom,2015-10-08,0.0
2105,Italy,2015-10-08,0.0
2106,Liberia 2,2015-10-08,0.0
2107,Liberia,2015-10-08,0.0
2108,Sierra Leone,2015-10-08,0.0
2109,Guinea,2015-10-08,0.0
2110,Spain,2015-10-09,0.0
2111,Senegal,2015-10-09,0.0
2112,Nigeria,2015-10-09,0.0
2113,Mali,2015-10-09,0.0
2114,United Kingdom,2015-10-09,0.0
2115,United States of America,2015-10-09,0.0
2116,Liberia 2,2015-10-09,0.0
2117,Guinea,2015-10-09,0.0
2118,Liberia,2015-10-09,0.0
2119,Sierra Leone,2015-10-09,0.0
2120,Italy,2015-10-09,0.0
2121,United States of America,2015-10-13,0.0
2122,Spain,2015-10-13,0.0
2123,Senegal,2015-10-13,0.0
2124,Nigeria,2015-10-13,0.0
2125,Mali,2015-10-13,0.0
2126,United Kingdom,2015-10-13,0.0
2127,Liberia 2,2015-10-13,0.0
2128,Guinea,2015-10-13,0.0
2129,Liberia,2015-10-13,0.0
2130,Sierra Leone,2015-10-13,0.0
2131,Italy,2015-10-13,0.0
2132,Mali,2015-10-15,0.0
2133,Spain,2015-10-15,0.0
2134,Senegal,2015-10-15,0.0
2135,Nigeria,2015-10-15,0.0
2136,United Kingdom,2015-10-15,0.0
2137,United States of America,2015-10-15,0.0
2138,Liberia 2,2015-10-15,0.0
2139,Liberia,2015-10-15,0.0
2140,Italy,2015-10-15,0.0
2141,Guinea,2015-10-15,1.0
2142,Sierra Leone,2015-10-15,0.0
2143,United States of America,2015-10-16,0.0
2144,Spain,2015-10-16,0.0
2145,Senegal,2015-10-16,0.0
2146,Nigeria,2015-10-16,0.0
2147,Mali,2015-10-16,0.0
2148,Liberia 2,2015-10-16,0.0
2149,Guinea,2015-10-16,1.0
2150,Sierra Leone,2015-10-16,0.0
2151,Liberia,2015-10-16,0.0
2152,Italy,2015-10-16,0.0
2153,United Kingdom,2015-10-16,0.0
2154,Mali,2015-10-20,0.0
2155,United States of America,2015-10-20,0.0
2156,Spain,2015-10-20,0.0
2157,Senegal,2015-10-20,0.0
2158,Nigeria,2015-10-20,0.0
2159,United Kingdom,2015-10-20,0.0
2160,Liberia 2,2015-10-20,0.0
2161,Guinea,2015-10-20,1.0
2162,Sierra Leone,2015-10-20,0.0
2163,Liberia,2015-10-20,0.0
2164,Italy,2015-10-20,0.0
2165,United States of America,2015-10-22,0.0
2166,Spain,2015-10-22,0.0
2167,Senegal,2015-10-22,0.0
2168,Nigeria,2015-10-22,0.0
2169,Mali,2015-10-22,0.0
2170,United Kingdom,2015-10-22,0.0
2171,Liberia 2,2015-10-22,0.0
2172,Sierra Leone,2015-10-22,0.0
2173,Liberia,2015-10-22,0.0
2174,Guinea,2015-10-22,0.0
2175,Italy,2015-10-22,0.0
2176,Mali,2015-10-23,0.0
2177,Spain,2015-10-23,0.0
2178,United States of America,2015-10-23,0.0
2179,Nigeria,2015-10-23,0.0
2180,United Kingdom,2015-10-23,0.0
2181,Senegal,2015-10-23,0.0
2182,Liberia 2,2015-10-23,0.0
2183,Liberia,2015-10-23,0.0
2184,Sierra Leone,2015-10-23,0.0
2185,Guinea,2015-10-23,0.0
2186,Italy,2015-10-23,0.0
2187,Spain,2015-10-26,0.0
2188,Senegal,2015-10-26,0.0
2189,Nigeria,2015-10-26,0.0
2190,Mali,2015-10-26,0.0
2191,United Kingdom,2015-10-26,0.0
2192,United States of America,2015-10-26,0.0
2193,Liberia 2,2015-10-26,0.0
2194,Guinea,2015-10-26,3.0
2195,Liberia,2015-10-26,0.0
2196,Sierra Leone,2015-10-26,0.0
2197,Italy,2015-10-26,0.0
2198,United States of America,2015-10-27,0.0
2199,Spain,2015-10-27,0.0
2200,Senegal,2015-10-27,0.0
2201,Nigeria,2015-10-27,0.0
2202,Mali,2015-10-27,0.0
2203,United Kingdom,2015-10-27,0.0
2204,Liberia 2,2015-10-27,0.0
2205,Guinea,2015-10-27,0.0
2206,Liberia,2015-10-27,0.0
2207,Sierra Leone,2015-10-27,0.0
2208,Italy,2015-10-27,0.0
2209,Mali,2015-10-29,0.0
2210,Spain,2015-10-29,0.0
2211,Senegal,2015-10-29,0.0
2212,Nigeria,2015-10-29,0.0
2213,United Kingdom,2015-10-29,0.0
2214,United States of America,2015-10-29,0.0
2215,Liberia 2,2015-10-29,0.0
2216,Sierra Leone,2015-10-29,0.0
2217,Italy,2015-10-29,0.0
2218,Guinea,2015-10-29,0.0
2219,Liberia,2015-10-29,0.0
2220,United States of America,2015-10-30,0.0
2221,Spain,2015-10-30,0.0
2222,Senegal,2015-10-30,0.0
2223,Nigeria,2015-10-30,0.0
2224,Mali,2015-10-30,0.0
2225,Liberia 2,2015-10-30,0.0
2226,Guinea,2015-10-30,0.0
2227,Liberia,2015-10-30,0.0
2228,Sierra Leone,2015-10-30,0.0
2229,Italy,2015-10-30,0.0
2230,United Kingdom,2015-10-30,0.0
2231,Mali,2015-11-03,0.0
2232,United States of America,2015-11-03,0.0
2233,Spain,2015-11-03,0.0
2234,Senegal,2015-11-03,0.0
2235,Nigeria,2015-11-03,0.0
2236,United Kingdom,2015-11-03,0.0
2237,Liberia 2,2015-11-03,0.0
2238,Liberia,2015-11-03,0.0
2239,Sierra Leone,2015-11-03,0.0
2240,Guinea,2015-11-03,1.0
2241,Italy,2015-11-03,0.0
2242,United States of America,2015-11-05,0.0
2243,Spain,2015-11-05,0.0
2244,Senegal,2015-11-05,0.0
2245,Nigeria,2015-11-05,0.0
2246,Mali,2015-11-05,0.0
2247,United Kingdom,2015-11-05,0.0
2248,Liberia 2,2015-11-05,0.0
2249,Guinea,2015-11-05,0.0
2250,Liberia,2015-11-05,0.0
2251,Sierra Leone,2015-11-05,0.0
2252,Italy,2015-11-05,0.0
2253,Nigeria,2015-11-06,0.0
2254,United States of America,2015-11-06,0.0
2255,Spain,2015-11-06,0.0
2256,Senegal,2015-11-06,0.0
2257,Mali,2015-11-06,0.0
2258,United Kingdom,2015-11-06,0.0
2259,Italy,2015-11-06,0.0
2260,Liberia 2,2015-11-06,0.0
2261,Guinea,2015-11-06,0.0
2262,Liberia,2015-11-06,0.0
2263,Sierra Leone,2015-11-06,0.0
2264,Spain,2015-11-10,0.0
2265,Senegal,2015-11-10,0.0
2266,Nigeria,2015-11-10,0.0
2267,Mali,2015-11-10,0.0
2268,United Kingdom,2015-11-10,0.0
2269,United States of America,2015-11-10,0.0
2270,Liberia 2,2015-11-10,0.0
2271,Guinea,2015-11-10,0.0
2272,Sierra Leone,2015-11-10,0.0
2273,Liberia,2015-11-10,0.0
2274,Italy,2015-11-10,0.0
2275,United States of America,2015-11-11,0.0
2276,Spain,2015-11-11,0.0
2277,Senegal,2015-11-11,0.0
2278,Nigeria,2015-11-11,0.0
2279,Mali,2015-11-11,0.0
2280,United Kingdom,2015-11-11,0.0
2281,Liberia 2,2015-11-11,0.0
2282,Sierra Leone,2015-11-11,0.0
2283,Guinea,2015-11-11,0.0
2284,Liberia,2015-11-11,0.0
2285,Italy,2015-11-11,0.0
2286,Mali,2015-11-12,0.0
2287,Spain,2015-11-12,0.0
2288,Senegal,2015-11-12,0.0
2289,Nigeria,2015-11-12,0.0
2290,United Kingdom,2015-11-12,0.0
2291,United States of America,2015-11-12,0.0
2292,Liberia 2,2015-11-12,0.0
2293,Liberia,2015-11-12,0.0
2294,Italy,2015-11-12,0.0
2295,Guinea,2015-11-12,0.0
2296,Sierra Leone,2015-11-12,0.0
2297,United States of America,2015-11-16,0.0
2298,Spain,2015-11-16,0.0
2299,Senegal,2015-11-16,0.0
2300,Nigeria,2015-11-16,0.0
2301,Mali,2015-11-16,0.0
2302,Liberia 2,2015-11-16,0.0
2303,Guinea,2015-11-16,0.0
2304,Sierra Leone,2015-11-16,0.0
2305,Liberia,2015-11-16,0.0
2306,Italy,2015-11-16,0.0
2307,United Kingdom,2015-11-16,0.0
2308,Mali,2015-11-17,0.0
2309,United States of America,2015-11-17,0.0
2310,Spain,2015-11-17,0.0
2311,Senegal,2015-11-17,0.0
2312,Nigeria,2015-11-17,0.0
2313,United Kingdom,2015-11-17,0.0
2314,Liberia 2,2015-11-17,0.0
2315,Sierra Leone,2015-11-17,0.0
2316,Liberia,2015-11-17,0.0
2317,Guinea,2015-11-17,0.0
2318,Italy,2015-11-17,0.0
2319,United States of America,2015-11-20,0.0
2320,Spain,2015-11-20,0.0
2321,Senegal,2015-11-20,0.0
2322,Nigeria,2015-11-20,0.0
2323,Mali,2015-11-20,0.0
2324,United Kingdom,2015-11-20,0.0
2325,Liberia 2,2015-11-20,0.0
2326,Liberia,2015-11-20,0.0
2327,Sierra Leone,2015-11-20,0.0
2328,Guinea,2015-11-20,0.0
2329,Italy,2015-11-20,0.0
2330,Mali,2015-11-24,0.0
2331,Spain,2015-11-24,0.0
2332,United States of America,2015-11-24,0.0
2333,Nigeria,2015-11-24,0.0
2334,United Kingdom,2015-11-24,0.0
2335,Senegal,2015-11-24,0.0
2336,Liberia 2,2015-11-24,0.0
2337,Sierra Leone,2015-11-24,0.0
2338,Liberia,2015-11-24,0.0
2339,Guinea,2015-11-24,0.0
2340,Italy,2015-11-24,0.0
2341,Spain,2015-11-26,0.0
2342,Senegal,2015-11-26,0.0
2343,Nigeria,2015-11-26,0.0
2344,Mali,2015-11-26,0.0
2345,United Kingdom,2015-11-26,0.0
2346,United States of America,2015-11-26,0.0
2347,Liberia 2,2015-11-26,3.0
2348,Guinea,2015-11-26,0.0
2349,Sierra Leone,2015-11-26,0.0
2350,Liberia,2015-11-26,0.0
2351,Italy,2015-11-26,0.0
2352,United States of America,2015-12-01,0.0
2353,Spain,2015-12-01,0.0
2354,Senegal,2015-12-01,0.0
2355,Nigeria,2015-12-01,0.0
2356,Mali,2015-12-01,0.0
2357,United Kingdom,2015-12-01,0.0
2358,Liberia 2,2015-12-01,0.0
2359,Guinea,2015-12-01,0.0
2360,Sierra Leone,2015-12-01,0.0
2361,Liberia,2015-12-01,0.0
2362,Italy,2015-12-01,0.0
2363,Mali,2015-12-02,0.0
2364,Spain,2015-12-02,0.0
2365,Senegal,2015-12-02,0.0
2366,Nigeria,2015-12-02,0.0
2367,United Kingdom,2015-12-02,0.0
2368,United States of America,2015-12-02,0.0
2369,Liberia 2,2015-12-02,0.0
2370,Liberia,2015-12-02,0.0
2371,Italy,2015-12-02,0.0
2372,Sierra Leone,2015-12-02,0.0
2373,Guinea,2015-12-02,0.0
2374,United States of America,2015-12-03,0.0
2375,Spain,2015-12-03,0.0
2376,Senegal,2015-12-03,0.0
2377,Nigeria,2015-12-03,0.0
2378,Mali,2015-12-03,0.0
2379,Liberia 2,2015-12-03,0.0
2380,Sierra Leone,2015-12-03,0.0
2381,Liberia,2015-12-03,0.0
2382,Guinea,2015-12-03,0.0
2383,Italy,2015-12-03,0.0
2384,United Kingdom,2015-12-03,0.0
2385,Mali,2015-12-09,0.0
2386,United States of America,2015-12-09,0.0
2387,Spain,2015-12-09,0.0
2388,Senegal,2015-12-09,0.0
2389,Nigeria,2015-12-09,0.0
2390,United Kingdom,2015-12-09,0.0
2391,Liberia 2,2015-12-09,0.0
2392,Liberia,2015-12-09,0.0
2393,Sierra Leone,2015-12-09,0.0
2394,Guinea,2015-12-09,0.0
2395,Italy,2015-12-09,0.0
2396,United States of America,2015-12-10,0.0
2397,Spain,2015-12-10,0.0
2398,Senegal,2015-12-10,0.0
2399,Nigeria,2015-12-10,0.0
2400,Mali,2015-12-10,0.0
2401,United Kingdom,2015-12-10,0.0
2402,Liberia 2,2015-12-10,0.0
2403,Liberia,2015-12-10,0.0
2404,Guinea,2015-12-10,0.0
2405,Sierra Leone,2015-12-10,0.0
2406,Italy,2015-12-10,0.0
2407,Mali,2015-12-11,0.0
2408,Spain,2015-12-11,0.0
2409,United States of America,2015-12-11,0.0
2410,Nigeria,2015-12-11,0.0
2411,United Kingdom,2015-12-11,0.0
2412,Senegal,2015-12-11,0.0
2413,Liberia 2,2015-12-11,0.0
2414,Liberia,2015-12-11,0.0
2415,Italy,2015-12-11,0.0
2416,Guinea,2015-12-11,0.0
2417,Sierra Leone,2015-12-11,0.0
2418,United States of America,2015-12-15,0.0
2419,Spain,2015-12-15,0.0
2420,Senegal,2015-12-15,0.0
2421,Nigeria,2015-12-15,0.0
2422,Mali,2015-12-15,0.0
2423,Liberia 2,2015-12-15,0.0
2424,Sierra Leone,2015-12-15,0.0
2425,Liberia,2015-12-15,0.0
2426,Guinea,2015-12-15,0.0
2427,Italy,2015-12-15,0.0
2428,United Kingdom,2015-12-15,0.0
2429,Mali,2015-12-16,0.0
2430,United States of America,2015-12-16,0.0
2431,Spain,2015-12-16,0.0
2432,Senegal,2015-12-16,0.0
2433,Nigeria,2015-12-16,0.0
2434,United Kingdom,2015-12-16,0.0
2435,Liberia 2,2015-12-16,0.0
2436,Liberia,2015-12-16,0.0
2437,Guinea,2015-12-16,0.0
2438,Sierra Leone,2015-12-16,0.0
2439,Italy,2015-12-16,0.0
2440,United States of America,2015-12-17,0.0
2441,Spain,2015-12-17,0.0
2442,Senegal,2015-12-17,0.0
2443,Nigeria,2015-12-17,0.0
2444,Mali,2015-12-17,0.0
2445,United Kingdom,2015-12-17,0.0
2446,Liberia 2,2015-12-17,0.0
2447,Liberia,2015-12-17,0.0
2448,Sierra Leone,2015-12-17,0.0
2449,Guinea,2015-12-17,0.0
2450,Italy,2015-12-17,0.0
2451,United States of America,2015-12-22,0.0
2452,Spain,2015-12-22,0.0
2453,Senegal,2015-12-22,0.0
2454,Nigeria,2015-12-22,0.0
2455,Mali,2015-12-22,0.0
2456,Liberia 2,2015-12-22,0.0
2457,Italy,2015-12-22,0.0
2458,Liberia,2015-12-22,0.0
2459,Sierra Leone,2015-12-22,0.0
2460,Guinea,2015-12-22,0.0
2461,United Kingdom,2015-12-22,0.0
2462,United States of America,2015-12-23,0.0
2463,Spain,2015-12-23,0.0
2464,Senegal,2015-12-23,0.0
2465,Nigeria,2015-12-23,0.0
2466,Mali,2015-12-23,0.0
2467,United Kingdom,2015-12-23,0.0
2468,Liberia 2,2015-12-23,0.0
2469,Sierra Leone,2015-12-23,0.0
2470,Guinea,2015-12-23,0.0
2471,Liberia,2015-12-23,0.0
2472,Italy,2015-12-23,0.0
2473,United States of America,2015-12-29,0.0
2474,Spain,2015-12-29,0.0
2475,Senegal,2015-12-29,0.0
2476,Nigeria,2015-12-29,0.0
2477,Mali,2015-12-29,0.0
2478,Liberia 2,2015-12-29,0.0
2479,Italy,2015-12-29,0.0
2480,Guinea,2015-12-29,0.0
2481,Sierra Leone,2015-12-29,0.0
2482,Liberia,2015-12-29,0.0
2483,United Kingdom,2015-12-29,0.0
2484,Senegal,2016-03-23,0.0
2485,Nigeria,2016-03-23,0.0
2486,Mali,2016-03-23,0.0
2487,United Kingdom,2016-03-23,0.0
2488,Italy,2016-03-23,0.0
2489,Liberia 2,2016-03-23,0.0
2490,Sierra Leone,2016-03-23,0.0
2491,Liberia,2016-03-23,0.0
2492,Guinea,2016-03-23,0.0
2493,Spain,2016-03-23,0.0
2494,Guinea 2,2016-03-23,2.0
2495,United States of America,2016-03-23,0.0
