Nigeria,8/29/14,15
Sierra Leone,8/29/14,935
Liberia,8/29/14,322
Guinea,8/29/14,482
Senegal,9/5/14,1
Nigeria,9/5/14,3
Sierra Leone,9/5/14,211
Liberia,9/5/14,292
Guinea,9/5/14,122
Senegal,9/8/14,0
Guinea,9/8/14,60
Nigeria,9/8/14,1
Sierra Leone,9/8/14,88
Liberia,9/8/14,20
Senegal,9/12/14,0
Nigeria,9/12/14,0
Sierra Leone,9/12/14,53
Liberia,9/12/14,20
Guinea,9/12/14,14
Guinea,9/16/14,65
Nigeria,9/16/14,0
Sierra Leone,9/16/14,177
Senegal,9/16/14,0
Liberia,9/16/14,136
Guinea,9/18/14,7
Sierra Leone,9/18/14,49
Nigeria,9/18/14,0
Senegal,9/18/14,0
Liberia,9/18/14,22
Senegal,9/22/14,0
Nigeria,9/22/14,0
Liberia,9/22/14,51
Guinea,9/22/14,68
Sierra Leone,9/22/14,127
Guinea,9/24/14,14
Nigeria,9/24/14,0
Sierra Leone,9/24/14,105
Liberia,9/24/14,27
Senegal,9/24/14,0
Senegal,9/26/14,0
Nigeria,9/26/14,0
Sierra Leone,9/26/14,71
Liberia,9/26/14,24
Guinea,9/26/14,44
Senegal,10/1/14,0
Nigeria,10/1/14,0
Sierra Leone,10/1/14,260
Liberia,10/1/14,13
Guinea,10/1/14,74
Guinea,10/3/14,27
Liberia,10/3/14,4
Nigeria,10/3/14,0
Sierra Leone,10/3/14,103
United States of America,10/3/14,1
Senegal,10/3/14,0
United States of America,10/8/14,0
Senegal,10/8/14,0
Nigeria,10/8/14,0
Sierra Leone,10/8/14,276
Liberia,10/8/14,10
Guinea,10/8/14,67
Liberia,10/10/14,2
United States of America,10/10/14,0
Spain,10/10/14,1
Senegal,10/10/14,0
Nigeria,10/10/14,0
Sierra Leone,10/10/14,138
Guinea,10/10/14,53
Guinea,10/15/14,87
Sierra Leone,10/15/14,256
Liberia,10/15/14,7
Nigeria,10/15/14,0
Senegal,10/15/14,0
Spain,10/15/14,0
United States of America,10/15/14,1
United States of America,10/17/14,1
Spain,10/17/14,0
Senegal,10/17/14,0
Nigeria,10/17/14,0
Sierra Leone,10/17/14,128
Guinea,10/17/14,33
Senegal,10/22/14,0
Guinea,10/22/14,72
Liberia,10/22/14,15
Sierra Leone,10/22/14,246
Spain,10/22/14,0
United States of America,10/22/14,0
Nigeria,10/22/14,0
Guinea,10/22/14,0
Liberia,10/22/14,0
Sierra Leone,10/22/14,0
Guinea,10/22/14,0
Liberia,10/22/14,0
Sierra Leone,10/22/14,0
Sierra Leone,10/25/14,3377
Senegal,10/25/14,0
Nigeria,10/25/14,0
United States of America,10/25/14,1
Spain,10/25/14,0
Mali,10/25/14,1
Guinea,10/25/14,1304
Liberia,10/25/14,963
Mali,10/29/14,0
Sierra Leone,10/29/14,311
United States of America,10/29/14,0
Guinea,10/29/14,79
Spain,10/29/14,0
Liberia,10/29/14,1550
Nigeria,10/29/14,0
Liberia,10/29/14,0
Guinea,10/29/14,0
Sierra Leone,10/29/14,0
Guinea,10/29/14,0
Liberia,10/29/14,0
Sierra Leone,10/29/14,0
Senegal,10/29/14,0
Guinea,10/31/14,1385
Liberia,10/31/14,2514
Sierra Leone,10/31/14,3746
Mali,10/31/14,0
Nigeria,10/31/14,0
United States of America,10/31/14,0
Senegal,10/31/14,0
Spain,10/31/14,0
Liberia,11/5/14,0
Guinea,11/5/14,48
Sierra Leone,11/5/14,279
Mali,11/5/14,0
Nigeria,11/5/14,0
United States of America,11/5/14,0
Senegal,11/5/14,0
Spain,11/5/14,0
Senegal,11/7/14,0
Nigeria,11/7/14,0
United States of America,11/7/14,0
Spain,11/7/14,0
Mali,11/7/14,0
Sierra Leone,11/7/14,92
Liberia,11/7/14,63
Guinea,11/7/14,22
Liberia,11/12/14,39
Guinea,11/12/14,133
Sierra Leone,11/12/14,374
Mali,11/12/14,1
Nigeria,11/12/14,0
United States of America,11/12/14,0
Senegal,11/12/14,0
Spain,11/12/14,0
Senegal,11/14/14,0
Nigeria,11/14/14,0
United States of America,11/14/14,0
Spain,11/14/14,0
Mali,11/14/14,1
Sierra Leone,11/14/14,160
Liberia,11/14/14,9
Guinea,11/14/14,35
Guinea,11/19/14,51
Liberia,11/19/14,81
Sierra Leone,11/19/14,373
Mali,11/19/14,2
Spain,11/19/14,0
Nigeria,11/19/14,0
Senegal,11/19/14,0
United States of America,11/19/14,0
Senegal,11/21/14,0
Nigeria,11/21/14,0
United States of America,11/21/14,0
Spain,11/21/14,0
Mali,11/21/14,0
Sierra Leone,11/21/14,96
Liberia,11/21/14,26
Guinea,11/21/14,47
Guinea,11/26/14,105
Sierra Leone,11/26/14,289
Liberia,11/26/14,58
Mali,11/26/14,2
Spain,11/26/14,0
United States of America,11/26/14,0
Nigeria,11/26/14,0
Senegal,11/26/14,0
Sierra Leone,12/1/14,390
Liberia,12/1/14,74
Guinea,12/1/14,71
Spain,12/1/14,0
Mali,12/1/14,0
United States of America,12/1/14,0
Nigeria,12/1/14,0
Senegal,12/1/14,0
Spain,12/3/14,0
Senegal,12/3/14,0
Nigeria,12/3/14,0
United States of America,12/3/14,0
Mali,12/3/14,0
Sierra Leone,12/3/14,147
Liberia,12/3/14,0
Guinea,12/3/14,8
Guinea,12/10/14,122
Liberia,12/10/14,29
Sierra Leone,12/10/14,397
Mali,12/10/14,0
United States of America,12/10/14,0
Nigeria,12/10/14,0
Senegal,12/10/14,0
Spain,12/10/14,0
Senegal,12/15/14,0
Nigeria,12/15/14,0
United States of America,12/15/14,0
Spain,12/15/14,0
Mali,12/15/14,0
Sierra Leone,12/15/14,263
Liberia,12/15/14,116
Guinea,12/15/14,64
Guinea,12/17/14,12
Liberia,12/17/14,0
Sierra Leone,12/17/14,64
Mali,12/17/14,0
United States of America,12/17/14,0
Nigeria,12/17/14,0
Senegal,12/17/14,0
Spain,12/17/14,0
Senegal,12/22/14,0
Nigeria,12/22/14,0
United States of America,12/22/14,0
Spain,12/22/14,0
Mali,12/22/14,0
Sierra Leone,12/22/14,273
Liberia,12/22/14,139
Guinea,12/22/14,132
Guinea,12/23/14,25
Liberia,12/23/14,0
Sierra Leone,12/23/14,42
Mali,12/23/14,0
Spain,12/23/14,0
United States of America,12/23/14,0
Nigeria,12/23/14,0
Senegal,12/23/14,0
Senegal,12/24/14,0
Nigeria,12/24/14,0
United States of America,12/24/14,0
Spain,12/24/14,0
Mali,12/24/14,0
Sierra Leone,12/24/14,0
Liberia,12/24/14,0
Guinea,12/24/14,0
Guinea,12/26/14,58
Liberia,12/26/14,0
Sierra Leone,12/26/14,143
Mali,12/26/14,0
Spain,12/26/14,0
United States of America,12/26/14,0
Nigeria,12/26/14,0
Senegal,12/26/14,0
Senegal,12/29/14,0
Nigeria,12/29/14,0
United States of America,12/29/14,0
Spain,12/29/14,0
Mali,12/29/14,0
Sierra Leone,12/29/14,166
Liberia,12/29/14,23
Guinea,12/29/14,42
Guinea,12/30/14,13
Liberia,12/30/14,0
Sierra Leone,12/30/14,28
Mali,12/30/14,0
Spain,12/30/14,0
United States of America,12/30/14,0
Nigeria,12/30/14,0
Senegal,12/30/14,0
Spain,12/31/14,0
Senegal,12/31/14,0
Nigeria,12/31/14,0
United States of America,12/31/14,0
Mali,12/31/14,0
Sierra Leone,12/31/14,0
Liberia,12/31/14,2
Guinea,12/31/14,0
Guinea,1/2/15,38
Liberia,1/2/15,0
Sierra Leone,1/2/15,122
Mali,1/2/15,0
United Kingdom,1/2/15,1
United States of America,1/2/15,0
Nigeria,1/2/15,0
Senegal,1/2/15,0
Spain,1/2/15,0
Guinea,1/5/15,30
Liberia,1/5/15,6
Sierra Leone,1/5/15,94
Mali,1/5/15,0
United Kingdom,1/5/15,0
Nigeria,1/5/15,0
Senegal,1/5/15,0
Spain,1/5/15,0
United States of America,1/5/15,0
Mali,1/6/15,0
Guinea,1/6/15,6
Liberia,1/6/15,2
Sierra Leone,1/6/15,32
United Kingdom,1/6/15,0
Spain,1/6/15,0
Senegal,1/6/15,0
United States of America,1/6/15,0
Nigeria,1/6/15,0
Sierra Leone,1/7/15,0
Guinea,1/7/15,0
United States of America,1/7/15,0
Spain,1/7/15,0
Senegal,1/7/15,0
Nigeria,1/7/15,0
United Kingdom,1/7/15,0
Mali,1/7/15,0
Liberia,1/7/15,0
Mali,1/8/15,0
United Kingdom,1/8/15,0
Guinea,1/8/15,6
Sierra Leone,1/8/15,157
Liberia,1/8/15,0
United Kingdom,1/9/15,0
Mali,1/9/15,0
Sierra Leone,1/9/15,0
Guinea,1/9/15,16
Liberia,1/9/15,5
Mali,1/12/15,0
Guinea,1/12/15,15
United Kingdom,1/12/15,0
Sierra Leone,1/12/15,7
Liberia,1/12/15,0
Guinea,1/13/15,0
Liberia,1/13/15,0
Sierra Leone,1/13/15,0
Mali,1/13/15,0
United Kingdom,1/13/15,0
United States of America,1/14/15,0
Spain,1/14/15,0
Senegal,1/14/15,0
Nigeria,1/14/15,0
Sierra Leone,1/14/15,20
Liberia,1/14/15,4
Guinea,1/14/15,6
United Kingdom,1/14/15,0
Mali,1/14/15,0
Guinea,1/15/15,8
Liberia,1/15/15,0
Sierra Leone,1/15/15,16
Mali,1/15/15,0
United Kingdom,1/15/15,0
Spain,1/15/15,0
Senegal,1/15/15,0
United States of America,1/15/15,0
Nigeria,1/15/15,0
Liberia,1/16/15,0
Mali,1/16/15,0
United Kingdom,1/16/15,0
Guinea,1/16/15,3
Sierra Leone,1/16/15,23
Spain,1/16/15,0
Senegal,1/16/15,0
United States of America,1/16/15,0
Nigeria,1/16/15,0
Guinea,1/19/15,14
Sierra Leone,1/19/15,58
United Kingdom,1/19/15,0
Liberia,1/19/15,4
Mali,1/19/15,0
Senegal,1/19/15,0
Spain,1/19/15,0
United States of America,1/19/15,0
Nigeria,1/19/15,0
Liberia,1/20/15,4
United Kingdom,1/20/15,0
Guinea,1/20/15,0
Sierra Leone,1/20/15,20
Mali,1/20/15,0
Spain,1/20/15,0
Senegal,1/20/15,0
United States of America,1/20/15,0
Nigeria,1/20/15,0
United States of America,1/21/15,0
Spain,1/21/15,0
Senegal,1/21/15,0
Nigeria,1/21/15,0
Sierra Leone,1/21/15,0
United Kingdom,1/21/15,0
Liberia,1/21/15,0
Guinea,1/21/15,0
Mali,1/21/15,0
Guinea,1/22/15,3
Mali,1/22/15,0
Sierra Leone,1/22/15,6
United Kingdom,1/22/15,0
Liberia,1/22/15,1
Nigeria,1/22/15,0
Spain,1/22/15,0
United States of America,1/22/15,0
Senegal,1/22/15,0
United States of America,1/23/15,0
Spain,1/23/15,0
Senegal,1/23/15,0
Nigeria,1/23/15,0
Mali,1/23/15,0
Guinea,1/23/15,3
Sierra Leone,1/23/15,12
United Kingdom,1/23/15,0
Liberia,1/23/15,0
Liberia,1/26/15,0
Sierra Leone,1/26/15,42
United Kingdom,1/26/15,0
Mali,1/26/15,0
Guinea,1/26/15,14
Senegal,1/26/15,0
Spain,1/26/15,0
Nigeria,1/26/15,0
United States of America,1/26/15,0
Guinea,1/27/15,10
Sierra Leone,1/27/15,5
United Kingdom,1/27/15,0
Liberia,1/27/15,2
Mali,1/27/15,0
Nigeria,1/27/15,0
Senegal,1/27/15,0
Spain,1/27/15,0
United States of America,1/27/15,0
Sierra Leone,1/28/15,0
Guinea,1/28/15,0
Liberia,1/28/15,0
United Kingdom,1/28/15,0
Mali,1/28/15,0
Nigeria,1/28/15,0
Senegal,1/28/15,0
Spain,1/28/15,0
United States of America,1/28/15,0
United States of America,1/29/15,0
Spain,1/29/15,0
Senegal,1/29/15,0
Nigeria,1/29/15,0
Mali,1/29/15,0
Sierra Leone,1/29/15,9
Liberia,1/29/15,0
Guinea,1/29/15,2
United Kingdom,1/29/15,0
Guinea,1/30/15,4
Liberia,1/30/15,0
Sierra Leone,1/30/15,12
Mali,1/30/15,0
United Kingdom,1/30/15,0
Senegal,1/30/15,0
Spain,1/30/15,0
United States of America,1/30/15,0
Nigeria,1/30/15,0
Guinea,2/2/15,18
Liberia,2/2/15,0
Sierra Leone,2/2/15,53
United Kingdom,2/2/15,0
Mali,2/2/15,0
Nigeria,2/2/15,0
Senegal,2/2/15,0
Spain,2/2/15,0
United States of America,2/2/15,0
Guinea,2/3/15,15
Liberia,2/3/15,5
Sierra Leone,2/3/15,17
Mali,2/3/15,0
United Kingdom,2/3/15,0
Senegal,2/3/15,0
Spain,2/3/15,0
United States of America,2/3/15,0
Nigeria,2/3/15,0
Guinea,2/4/15,0
Liberia,2/4/15,0
Sierra Leone,2/4/15,0
Mali,2/4/15,0
United Kingdom,2/4/15,0
Senegal,2/4/15,0
Spain,2/4/15,0
United States of America,2/4/15,0
Nigeria,2/4/15,0
United Kingdom,2/5/15,0
Guinea,2/5/15,13
Liberia,2/5/15,0
Sierra Leone,2/5/15,4
Mali,2/5/15,0
Nigeria,2/5/15,0
Spain,2/5/15,0
United States of America,2/5/15,0
Senegal,2/5/15,0
Sierra Leone,2/6/15,21
United Kingdom,2/6/15,0
Guinea,2/6/15,7
Liberia,2/6/15,0
Mali,2/6/15,0
Nigeria,2/6/15,0
Senegal,2/6/15,0
Spain,2/6/15,0
United States of America,2/6/15,0
Guinea,2/10/15,46
Liberia,2/10/15,3
Sierra Leone,2/10/15,51
United Kingdom,2/10/15,0
Mali,2/10/15,0
Senegal,2/10/15,0
Spain,2/10/15,0
United States of America,2/10/15,0
Nigeria,2/10/15,0
Liberia,2/11/15,0
United Kingdom,2/11/15,0
Guinea,2/11/15,0
Sierra Leone,2/11/15,0
Mali,2/11/15,0
Nigeria,2/11/15,0
Senegal,2/11/15,0
Spain,2/11/15,0
United States of America,2/11/15,0
United States of America,2/12/15,0
Spain,2/12/15,0
Senegal,2/12/15,0
Nigeria,2/12/15,0
Mali,2/12/15,0
Sierra Leone,2/12/15,3
Liberia,2/12/15,0
Guinea,2/12/15,11
United Kingdom,2/12/15,0
Liberia,2/13/15,1
Sierra Leone,2/13/15,17
United Kingdom,2/13/15,0
Mali,2/13/15,0
Guinea,2/13/15,8
Senegal,2/13/15,0
Spain,2/13/15,0
United States of America,2/13/15,0
Nigeria,2/13/15,0
United Kingdom,2/16/15,0
Guinea,2/16/15,27
Liberia,2/16/15,2
Sierra Leone,2/16/15,44
Mali,2/16/15,0
Nigeria,2/16/15,0
Senegal,2/16/15,0
Spain,2/16/15,0
United States of America,2/16/15,0
Guinea,2/17/15,7
Liberia,2/17/15,0
Sierra Leone,2/17/15,13
Mali,2/17/15,0
United Kingdom,2/17/15,0
Senegal,2/17/15,0
Spain,2/17/15,0
United States of America,2/17/15,0
Nigeria,2/17/15,0
Guinea,2/18/15,0
Sierra Leone,2/18/15,0
Liberia,2/18/15,0
Mali,2/18/15,0
United Kingdom,2/18/15,0
Senegal,2/18/15,0
Spain,2/18/15,0
United States of America,2/18/15,0
Nigeria,2/18/15,0
United Kingdom,2/19/15,0
Guinea,2/19/15,5
Liberia,2/19/15,3
Sierra Leone,2/19/15,11
Mali,2/19/15,0
Nigeria,2/19/15,0
Spain,2/19/15,0
United States of America,2/19/15,0
Senegal,2/19/15,0
Sierra Leone,2/20/15,0
United Kingdom,2/20/15,0
Guinea,2/20/15,2
Liberia,2/20/15,0
Mali,2/20/15,0
Spain,2/20/15,0
Senegal,2/20/15,0
Nigeria,2/20/15,0
United States of America,2/20/15,0
United Kingdom,2/23/15,0
Guinea,2/23/15,24
Liberia,2/23/15,1
Sierra Leone,2/23/15,0
Mali,2/23/15,0
Senegal,2/23/15,0
Spain,2/23/15,0
United States of America,2/23/15,0
Nigeria,2/23/15,0
Sierra Leone,2/25/15,66
United Kingdom,2/25/15,0
Guinea,2/25/15,4
Liberia,2/25/15,0
Mali,2/25/15,0
Nigeria,2/25/15,0
Senegal,2/25/15,0
Spain,2/25/15,0
United States of America,2/25/15,0
United States of America,2/26/15,0
Spain,2/26/15,0
Senegal,2/26/15,0
Nigeria,2/26/15,0
Mali,2/26/15,0
Sierra Leone,2/26/15,19
Liberia,2/26/15,0
Guinea,2/26/15,19
United Kingdom,2/26/15,0
Guinea,2/27/15,9
United Kingdom,2/27/15,0
Sierra Leone,2/27/15,12
Mali,2/27/15,0
Liberia,2/27/15,0
Senegal,2/27/15,0
Spain,2/27/15,0
United States of America,2/27/15,0
Nigeria,2/27/15,0
United Kingdom,3/2/15,0
Mali,3/2/15,0
Nigeria,3/2/15,0
Sierra Leone,3/2/15,33
Spain,3/2/15,0
United States of America,3/2/15,0
Guinea,3/2/15,18
Senegal,3/2/15,0
Liberia,3/2/15,0
Mali,3/4/15,0
Nigeria,3/4/15,0
Senegal,3/4/15,0
United Kingdom,3/4/15,0
United States of America,3/4/15,0
Guinea,3/4/15,0
Liberia,3/4/15,0
Spain,3/4/15,0
Sierra Leone,3/4/15,0
Guinea,3/5/15,25
Liberia,3/5/15,0
Sierra Leone,3/5/15,30
United Kingdom,3/5/15,0
Senegal,3/5/15,0
Spain,3/5/15,0
United States of America,3/5/15,0
Mali,3/5/15,0
Nigeria,3/5/15,0
United States of America,3/6/15,0
Spain,3/6/15,0
Senegal,3/6/15,0
Nigeria,3/6/15,0
Mali,3/6/15,0
Sierra Leone,3/6/15,6
Liberia,3/6/15,0
Guinea,3/6/15,7
United Kingdom,3/6/15,0
Guinea,3/10/15,31
United States of America,3/10/15,0
Spain,3/10/15,0
Senegal,3/10/15,0
Nigeria,3/10/15,0
Mali,3/10/15,0
United Kingdom,3/10/15,0
Sierra Leone,3/10/15,39
Liberia,3/10/15,0
United States of America,3/11/15,0
Spain,3/11/15,0
Senegal,3/11/15,0
Nigeria,3/11/15,0
Liberia,3/11/15,0
United Kingdom,3/11/15,0
Guinea,3/11/15,0
Sierra Leone,3/11/15,0
Mali,3/11/15,0
Senegal,3/12/15,0
United States of America,3/12/15,0
Spain,3/12/15,0
Nigeria,3/12/15,0
Sierra Leone,3/12/15,35
United Kingdom,3/12/15,0
Liberia,3/12/15,0
Guinea,3/12/15,30
Mali,3/12/15,0
United States of America,3/13/15,0
Spain,3/13/15,0
Senegal,3/13/15,0
Nigeria,3/13/15,0
Mali,3/13/15,0
Sierra Leone,3/13/15,6
Liberia,3/13/15,0
Guinea,3/13/15,10
United Kingdom,3/13/15,0
Senegal,3/16/15,0
United States of America,3/16/15,0
Spain,3/16/15,0
Nigeria,3/16/15,0
Sierra Leone,3/16/15,15
United Kingdom,3/16/15,0
Guinea,3/16/15,46
Mali,3/16/15,0
Liberia,3/16/15,0
Guinea,3/17/15,9
Liberia,3/17/15,0
Sierra Leone,3/17/15,3
United Kingdom,3/17/15,0
Nigeria,3/17/15,0
Senegal,3/17/15,0
Spain,3/17/15,0
United States of America,3/17/15,0
Mali,3/17/15,0
United States of America,3/18/15,0
Nigeria,3/18/15,0
Spain,3/18/15,0
Senegal,3/18/15,0
Mali,3/18/15,0
Sierra Leone,3/18/15,0
Liberia,3/18/15,0
Guinea,3/18/15,0
United Kingdom,3/18/15,0
United States of America,3/20/15,0
Spain,3/20/15,0
Senegal,3/20/15,0
Nigeria,3/20/15,0
Mali,3/20/15,0
Sierra Leone,3/20/15,21
Liberia,3/20/15,0
Guinea,3/20/15,22
United Kingdom,3/20/15,0
Senegal,3/23/15,0
United States of America,3/23/15,0
Spain,3/23/15,0
Nigeria,3/23/15,0
Sierra Leone,3/23/15,10
United Kingdom,3/23/15,0
Guinea,3/23/15,19
Mali,3/23/15,0
Liberia,3/23/15,1
Guinea,3/24/15,4
Liberia,3/24/15,0
Sierra Leone,3/24/15,2
United Kingdom,3/24/15,0
Mali,3/24/15,0
Nigeria,3/24/15,0
Senegal,3/24/15,0
Spain,3/24/15,0
United States of America,3/24/15,0
Nigeria,3/25/15,0
United States of America,3/25/15,0
Spain,3/25/15,0
Senegal,3/25/15,0
Mali,3/25/15,0
United Kingdom,3/25/15,0
Guinea,3/25/15,0
Liberia,3/25/15,0
Sierra Leone,3/25/15,0
United States of America,3/26/15,0
Spain,3/26/15,0
Senegal,3/26/15,0
Nigeria,3/26/15,0
Mali,3/26/15,0
United Kingdom,3/26/15,0
Liberia,3/26/15,0
Sierra Leone,3/26/15,9
Guinea,3/26/15,21
Spain,3/27/15,0
Senegal,3/27/15,0
Nigeria,3/27/15,0
United States of America,3/27/15,0
Mali,3/27/15,0
Liberia,3/27/15,0
Sierra Leone,3/27/15,3
United Kingdom,3/27/15,0
Guinea,3/27/15,10
Guinea,4/7/15,47
Liberia,4/7/15,0
Sierra Leone,4/7/15,23
United Kingdom,4/7/15,0
Nigeria,4/7/15,0
Senegal,4/7/15,0
Spain,4/7/15,0
United States of America,4/7/15,0
Mali,4/7/15,0
United States of America,4/9/15,0
Nigeria,4/9/15,0
Spain,4/9/15,0
Senegal,4/9/15,0
Mali,4/9/15,0
Sierra Leone,4/9/15,3
Liberia,4/9/15,0
Guinea,4/9/15,4
United Kingdom,4/9/15,0
United States of America,4/13/15,0
Spain,4/13/15,0
Senegal,4/13/15,0
Nigeria,4/13/15,0
Mali,4/13/15,0
Sierra Leone,4/13/15,2
Liberia,4/13/15,0
Guinea,4/13/15,19
United Kingdom,4/13/15,0
Nigeria,4/14/15,0
United States of America,4/14/15,0
Spain,4/14/15,0
Mali,4/14/15,0
Senegal,4/14/15,0
Sierra Leone,4/14/15,3
United Kingdom,4/14/15,0
Liberia,4/14/15,0
Guinea,4/14/15,5
United States of America,4/15/15,0
Spain,4/15/15,0
Senegal,4/15/15,0
Nigeria,4/15/15,0
Mali,4/15/15,0
United Kingdom,4/15/15,0
Sierra Leone,4/15/15,0
Liberia,4/15/15,0
Guinea,4/15/15,0
United States of America,4/16/15,0
Spain,4/16/15,0
Senegal,4/16/15,0
Nigeria,4/16/15,0
Mali,4/16/15,0
United Kingdom,4/16/15,0
Sierra Leone,4/16/15,3
Liberia,4/16/15,0
Guinea,4/16/15,7
United States of America,4/17/15,0
Spain,4/17/15,0
Senegal,4/17/15,0
Nigeria,4/17/15,0
Mali,4/17/15,0
United Kingdom,4/17/15,0
Sierra Leone,4/17/15,3
Liberia,4/17/15,0
Guinea,4/17/15,2
United States of America,4/20/15,0
Spain,4/20/15,0
Senegal,4/20/15,0
Nigeria,4/20/15,0
Mali,4/20/15,0
United Kingdom,4/20/15,0
Sierra Leone,4/20/15,3
Liberia,4/20/15,0
Guinea,4/20/15,7
United States of America,4/21/15,0
Spain,4/21/15,0
Senegal,4/21/15,0
Nigeria,4/21/15,0
Mali,4/21/15,0
United Kingdom,4/21/15,0
Sierra Leone,4/21/15,1
Liberia,4/21/15,0
Guinea,4/21/15,3
United States of America,4/22/15,0
Spain,4/22/15,0
Senegal,4/22/15,0
Nigeria,4/22/15,0
Mali,4/22/15,0
United Kingdom,4/22/15,0
Guinea,4/22/15,0
Liberia,4/22/15,0
Sierra Leone,4/22/15,2
United States of America,4/23/15,0
Spain,4/23/15,0
Senegal,4/23/15,0
Nigeria,4/23/15,0
Mali,4/23/15,0
United Kingdom,4/23/15,0
Sierra Leone,4/23/15,6
Liberia,4/23/15,0
Guinea,4/23/15,8
Spain,4/24/15,0
Senegal,4/24/15,0
Nigeria,4/24/15,0
Mali,4/24/15,0
United States of America,4/24/15,0
Sierra Leone,4/24/15,3
Liberia,4/24/15,0
Guinea,4/24/15,1
United Kingdom,4/24/15,0
United States of America,4/27/15,0
Spain,4/27/15,0
Senegal,4/27/15,0
Nigeria,4/27/15,0
Mali,4/27/15,0
United Kingdom,4/27/15,0
Sierra Leone,4/27/15,1
Liberia,4/27/15,0
Guinea,4/27/15,9
United States of America,4/28/15,0
Spain,4/28/15,0
Senegal,4/28/15,0
Nigeria,4/28/15,0
Mali,4/28/15,0
United Kingdom,4/28/15,0
Sierra Leone,4/28/15,1
Liberia,4/28/15,0
Guinea,4/28/15,4
United States of America,4/30/15,0
Spain,4/30/15,0
Senegal,4/30/15,0
Nigeria,4/30/15,0
Mali,4/30/15,0
United Kingdom,4/30/15,0
Sierra Leone,4/30/15,2
Liberia,4/30/15,0
Guinea,4/30/15,1
Spain,5/1/15,0
Senegal,5/1/15,0
Nigeria,5/1/15,0
Mali,5/1/15,0
United States of America,5/1/15,0
Sierra Leone,5/1/15,2
Liberia,5/1/15,0
Guinea,5/1/15,2
United Kingdom,5/1/15,0
United States of America,5/4/15,0
Spain,5/4/15,0
Senegal,5/4/15,0
Nigeria,5/4/15,0
Mali,5/4/15,0
United Kingdom,5/4/15,0
Sierra Leone,5/4/15,2
Liberia,5/4/15,0
Guinea,5/4/15,2
Spain,5/5/15,0
Senegal,5/5/15,0
Nigeria,5/5/15,0
Mali,5/5/15,0
United States of America,5/5/15,0
Sierra Leone,5/5/15,3
Liberia,5/5/15,0
Guinea,5/5/15,4
United Kingdom,5/5/15,0
Spain,5/6/15,0
Senegal,5/6/15,0
Nigeria,5/6/15,0
Mali,5/6/15,0
United States of America,5/6/15,0
Sierra Leone,5/6/15,0
Liberia,5/6/15,0
Guinea,5/6/15,0
United Kingdom,5/6/15,0
United States of America,5/7/15,0
Spain,5/7/15,0
Senegal,5/7/15,0
Nigeria,5/7/15,0
Mali,5/7/15,0
Sierra Leone,5/7/15,2
Liberia,5/7/15,0
Guinea,5/7/15,3
United Kingdom,5/7/15,0
Senegal,5/8/15,0
United States of America,5/8/15,0
Spain,5/8/15,0
Nigeria,5/8/15,0
Liberia,5/8/15,0
United Kingdom,5/8/15,0
Sierra Leone,5/8/15,0
Mali,5/8/15,0
Guinea,5/8/15,0
United States of America,5/11/15,0
Spain,5/11/15,0
Senegal,5/11/15,0
Nigeria,5/11/15,0
Mali,5/11/15,0
United Kingdom,5/11/15,0
Sierra Leone,5/11/15,0
Liberia,5/11/15,0
Guinea,5/11/15,3
United States of America,5/12/15,0
Senegal,5/12/15,0
Nigeria,5/12/15,0
Mali,5/12/15,0
Spain,5/12/15,0
Sierra Leone,5/12/15,0
Liberia,5/12/15,0
Guinea,5/12/15,1
United Kingdom,5/12/15,0
United States of America,5/13/15,0
Senegal,5/13/15,0
Nigeria,5/13/15,0
Mali,5/13/15,0
Spain,5/13/15,0
Sierra Leone,5/13/15,0
Guinea,5/13/15,0
Liberia,5/13/15,0
United Kingdom,5/13/15,0
Guinea,5/14/15,14
United States of America,5/14/15,0
Spain,5/14/15,0
Senegal,5/14/15,0
Nigeria,5/14/15,0
Mali,5/14/15,0
United Kingdom,5/14/15,0
Sierra Leone,5/14/15,0
Liberia,5/14/15,0
Italy,5/14/15,1
Nigeria,5/15/15,0
Spain,5/15/15,0
Senegal,5/15/15,0
United States of America,5/15/15,0
Mali,5/15/15,0
United Kingdom,5/15/15,0
Italy,5/15/15,0
Sierra Leone,5/15/15,1
Liberia,5/15/15,0
Guinea,5/15/15,2
Sierra Leone,5/18/15,5
Italy,5/18/15,0
United Kingdom,5/18/15,0
Spain,5/18/15,0
Nigeria,5/18/15,0
Senegal,5/18/15,0
Liberia,5/18/15,0
United States of America,5/18/15,0
Mali,5/18/15,0
Guinea,5/18/15,6
Senegal,5/19/15,0
Spain,5/19/15,0
Nigeria,5/19/15,0
Mali,5/19/15,0
United Kingdom,5/19/15,0
Italy,5/19/15,0
Sierra Leone,5/19/15,2
Liberia,5/19/15,0
Guinea,5/19/15,6
United States of America,5/19/15,0
Nigeria,5/20/15,0
Spain,5/20/15,0
United States of America,5/20/15,0
Senegal,5/20/15,0
Mali,5/20/15,0
Guinea,5/20/15,0
Sierra Leone,5/20/15,0
Italy,5/20/15,0
United Kingdom,5/20/15,0
Liberia,5/20/15,0
Guinea,5/21/15,3
Liberia,5/21/15,0
Sierra Leone,5/21/15,2
Italy,5/21/15,0
United Kingdom,5/21/15,0
Mali,5/21/15,0
Nigeria,5/21/15,0
Senegal,5/21/15,0
Spain,5/21/15,0
United States of America,5/21/15,0
United Kingdom,5/22/15,0
United States of America,5/22/15,0
Spain,5/22/15,0
Senegal,5/22/15,0
Nigeria,5/22/15,0
Liberia,5/22/15,0
Sierra Leone,5/22/15,1
Guinea,5/22/15,1
Italy,5/22/15,0
Mali,5/22/15,0
Guinea,5/25/15,3
Spain,5/25/15,0
Senegal,5/25/15,0
Nigeria,5/25/15,0
Mali,5/25/15,0
United Kingdom,5/25/15,0
Italy,5/25/15,0
Sierra Leone,5/25/15,0
Liberia,5/25/15,0
United States of America,5/25/15,0
United States of America,5/26/15,0
Senegal,5/26/15,0
Nigeria,5/26/15,0
Mali,5/26/15,0
United Kingdom,5/26/15,0
Italy,5/26/15,0
Sierra Leone,5/26/15,0
Liberia,5/26/15,0
Guinea,5/26/15,2
Spain,5/26/15,0
United States of America,5/27/15,0
Spain,5/27/15,0
Nigeria,5/27/15,0
Mali,5/27/15,0
Senegal,5/27/15,0
Italy,5/27/15,0
Sierra Leone,5/27/15,0
Liberia,5/27/15,0
Guinea,5/27/15,0
United Kingdom,5/27/15,0
United States of America,5/28/15,0
Spain,5/28/15,0
Senegal,5/28/15,0
Nigeria,5/28/15,0
Mali,5/28/15,0
United Kingdom,5/28/15,0
Sierra Leone,5/28/15,3
Liberia,5/28/15,0
Guinea,5/28/15,4
Italy,5/28/15,0
United States of America,5/29/15,0
Spain,5/29/15,0
Senegal,5/29/15,0
Mali,5/29/15,0
Nigeria,5/29/15,0
Italy,5/29/15,0
Sierra Leone,5/29/15,3
Liberia,5/29/15,0
Guinea,5/29/15,2
United Kingdom,5/29/15,0
Spain,6/1/15,0
Senegal,6/1/15,0
Nigeria,6/1/15,0
Mali,6/1/15,0
United States of America,6/1/15,0
Italy,6/1/15,0
Sierra Leone,6/1/15,4
Liberia,6/1/15,0
Guinea,6/1/15,4
United Kingdom,6/1/15,0
United States of America,6/2/15,0
Spain,6/2/15,0
Senegal,6/2/15,0
Nigeria,6/2/15,0
Mali,6/2/15,0
United Kingdom,6/2/15,0
Liberia,6/2/15,0
Guinea,6/2/15,3
Italy,6/2/15,0
Sierra Leone,6/2/15,2
Nigeria,6/3/15,0
Spain,6/3/15,0
Senegal,6/3/15,0
Mali,6/3/15,0
United States of America,6/3/15,0
Italy,6/3/15,0
Guinea,6/3/15,0
United Kingdom,6/3/15,0
Sierra Leone,6/3/15,0
Liberia,6/3/15,0
United States of America,6/4/15,0
Spain,6/4/15,0
Senegal,6/4/15,0
Mali,6/4/15,0
Nigeria,6/4/15,0
Italy,6/4/15,0
Sierra Leone,6/4/15,3
Liberia,6/4/15,0
Guinea,6/4/15,4
United Kingdom,6/4/15,0
United States of America,6/5/15,0
Spain,6/5/15,0
Senegal,6/5/15,0
Nigeria,6/5/15,0
Mali,6/5/15,0
United Kingdom,6/5/15,0
Liberia,6/5/15,0
Guinea,6/5/15,1
Italy,6/5/15,0
Sierra Leone,6/5/15,1
United States of America,6/8/15,0
Spain,6/8/15,0
Senegal,6/8/15,0
Nigeria,6/8/15,0
Mali,6/8/15,0
United Kingdom,6/8/15,0
Sierra Leone,6/8/15,6
Liberia,6/8/15,0
Guinea,6/8/15,9
Italy,6/8/15,0
Nigeria,6/9/15,0
Spain,6/9/15,0
Senegal,6/9/15,0
Mali,6/9/15,0
United States of America,6/9/15,0
Italy,6/9/15,0
Guinea,6/9/15,2
United Kingdom,6/9/15,0
Sierra Leone,6/9/15,5
Liberia,6/9/15,0
Liberia,6/10/15,0
Italy,6/10/15,0
Sierra Leone,6/10/15,0
Guinea,6/10/15,0
United Kingdom,6/10/15,0
Mali,6/10/15,0
Nigeria,6/10/15,0
Senegal,6/10/15,0
Spain,6/10/15,0
United States of America,6/10/15,0
United States of America,6/11/15,0
Spain,6/11/15,0
Senegal,6/11/15,0
Mali,6/11/15,0
Nigeria,6/11/15,0
Italy,6/11/15,0
Guinea,6/11/15,4
United Kingdom,6/11/15,0
Sierra Leone,6/11/15,3
Liberia,6/11/15,0
United States of America,6/12/15,0
Spain,6/12/15,0
Senegal,6/12/15,0
Mali,6/12/15,0
Nigeria,6/12/15,0
Italy,6/12/15,0
Sierra Leone,6/12/15,9
Liberia,6/12/15,0
Guinea,6/12/15,0
United Kingdom,6/12/15,0
United States of America,6/15/15,0
Spain,6/15/15,0
Senegal,6/15/15,0
Nigeria,6/15/15,0
Mali,6/15/15,0
United Kingdom,6/15/15,0
Sierra Leone,6/15/15,2
Guinea,6/15/15,6
Italy,6/15/15,0
Liberia,6/15/15,0
Italy,6/16/15,0
Guinea,6/16/15,0
Liberia,6/16/15,0
Sierra Leone,6/16/15,0
United Kingdom,6/16/15,0
Nigeria,6/16/15,0
Senegal,6/16/15,0
Spain,6/16/15,0
United States of America,6/16/15,0
Mali,6/16/15,0
United States of America,6/17/15,0
Mali,6/17/15,0
Spain,6/17/15,0
Senegal,6/17/15,0
Nigeria,6/17/15,0
United Kingdom,6/17/15,0
Liberia,6/17/15,0
Guinea,6/17/15,0
Italy,6/17/15,0
Sierra Leone,6/17/15,0
United States of America,6/18/15,0
Spain,6/18/15,0
Senegal,6/18/15,0
Nigeria,6/18/15,0
Mali,6/18/15,0
United Kingdom,6/18/15,0
Sierra Leone,6/18/15,2
Liberia,6/18/15,0
Guinea,6/18/15,1
Italy,6/18/15,0
Nigeria,6/19/15,0
United States of America,6/19/15,0
Spain,6/19/15,0
Mali,6/19/15,0
Senegal,6/19/15,0
Sierra Leone,6/19/15,3
Liberia,6/19/15,0
United Kingdom,6/19/15,0
Guinea,6/19/15,1
Italy,6/19/15,0
United States of America,6/22/15,0
Spain,6/22/15,0
Senegal,6/22/15,0
Nigeria,6/22/15,0
Mali,6/22/15,0
United Kingdom,6/22/15,0
Sierra Leone,6/22/15,3
Liberia,6/22/15,0
Guinea,6/22/15,7
Italy,6/22/15,0
United States of America,6/23/15,0
Spain,6/23/15,0
Senegal,6/23/15,0
Nigeria,6/23/15,0
Mali,6/23/15,0
United Kingdom,6/23/15,0
Italy,6/23/15,0
Sierra Leone,6/23/15,0
Liberia,6/23/15,0
Guinea,6/23/15,3
United States of America,6/24/15,0
Spain,6/24/15,0
Senegal,6/24/15,0
Nigeria,6/24/15,0
Mali,6/24/15,0
Italy,6/24/15,0
Sierra Leone,6/24/15,0
Liberia,6/24/15,0
Guinea,6/24/15,0
United Kingdom,6/24/15,0
Nigeria,6/25/15,0
United States of America,6/25/15,0
Spain,6/25/15,0
Senegal,6/25/15,0
Mali,6/25/15,0
United Kingdom,6/25/15,0
Italy,6/25/15,0
Sierra Leone,6/25/15,3
Liberia,6/25/15,0
Guinea,6/25/15,7
United States of America,6/26/15,0
Spain,6/26/15,0
Senegal,6/26/15,0
Nigeria,6/26/15,0
Mali,6/26/15,0
United Kingdom,6/26/15,0
Italy,6/26/15,0
Sierra Leone,6/26/15,2
Liberia,6/26/15,0
Guinea,6/26/15,2
United States of America,6/29/15,0
Spain,6/29/15,0
Senegal,6/29/15,0
Nigeria,6/29/15,0
Mali,6/29/15,0
Sierra Leone,6/29/15,2
Liberia,6/29/15,0
Guinea,6/29/15,2
Italy,6/29/15,0
United Kingdom,6/29/15,0
United Kingdom,6/30/15,0
Italy,6/30/15,0
Guinea,6/30/15,1
Liberia,6/30/15,0
Sierra Leone,6/30/15,1
Mali,6/30/15,0
Nigeria,6/30/15,0
Senegal,6/30/15,0
Spain,6/30/15,0
United States of America,6/30/15,0
Senegal,7/1/15,0
Nigeria,7/1/15,0
United States of America,7/1/15,0
Spain,7/1/15,0
Mali,7/1/15,0
Sierra Leone,7/1/15,0
Italy,7/1/15,0
United Kingdom,7/1/15,0
Liberia,7/1/15,0
Guinea,7/1/15,0
United States of America,7/2/15,0
Spain,7/2/15,0
Senegal,7/2/15,0
Nigeria,7/2/15,0
Mali,7/2/15,0
Sierra Leone,7/2/15,3
Liberia,7/2/15,0
Guinea,7/2/15,8
Italy,7/2/15,0
United Kingdom,7/2/15,0
Nigeria,7/3/15,0
United States of America,7/3/15,0
Spain,7/3/15,0
Senegal,7/3/15,0
United Kingdom,7/3/15,0
Mali,7/3/15,0
Liberia 2,7/3/15,3
Sierra Leone,7/3/15,3
Liberia,7/3/15,0
Guinea,7/3/15,2
Italy,7/3/15,0
United Kingdom,7/6/15,0
Spain,7/6/15,0
Senegal,7/6/15,0
Nigeria,7/6/15,0
Mali,7/6/15,0
Liberia 2,7/6/15,0
United States of America,7/6/15,0
Sierra Leone,7/6/15,2
Liberia,7/6/15,0
Guinea,7/6/15,8
Italy,7/6/15,0
Senegal,7/7/15,0
Nigeria,7/7/15,0
United States of America,7/7/15,0
Spain,7/7/15,0
Mali,7/7/15,0
Guinea,7/7/15,0
Italy,7/7/15,0
Liberia 2,7/7/15,0
Sierra Leone,7/7/15,1
Liberia,7/7/15,0
United Kingdom,7/7/15,0
Spain,7/8/15,0
Senegal,7/8/15,0
Nigeria,7/8/15,0
Mali,7/8/15,0
United Kingdom,7/8/15,0
United States of America,7/8/15,0
Liberia 2,7/8/15,0
Guinea,7/8/15,0
Sierra Leone,7/8/15,0
Liberia,7/8/15,0
Italy,7/8/15,0
United States of America,7/9/15,0
Spain,7/9/15,0
Senegal,7/9/15,0
Nigeria,7/9/15,0
Mali,7/9/15,0
United Kingdom,7/9/15,0
Liberia 2,7/9/15,2
Sierra Leone,7/9/15,1
Liberia,7/9/15,0
Guinea,7/9/15,3
Italy,7/9/15,0
Nigeria,7/10/15,0
United States of America,7/10/15,0
Spain,7/10/15,0
Senegal,7/10/15,0
Mali,7/10/15,0
Italy,7/10/15,0
United Kingdom,7/10/15,0
Liberia 2,7/10/15,0
Sierra Leone,7/10/15,1
Liberia,7/10/15,0
Guinea,7/10/15,3
United States of America,7/13/15,0
Spain,7/13/15,0
Senegal,7/13/15,0
Nigeria,7/13/15,0
Mali,7/13/15,0
United Kingdom,7/13/15,0
Italy,7/13/15,0
Liberia 2,7/13/15,0
Sierra Leone,7/13/15,11
Liberia,7/13/15,0
Guinea,7/13/15,6
United States of America,7/14/15,0
Spain,7/14/15,0
Senegal,7/14/15,0
Nigeria,7/14/15,0
Mali,7/14/15,0
United Kingdom,7/14/15,0
Italy,7/14/15,0
Liberia 2,7/14/15,1
Sierra Leone,7/14/15,1
Liberia,7/14/15,0
Guinea,7/14/15,1
United States of America,7/15/15,0
Spain,7/15/15,0
Senegal,7/15/15,0
Nigeria,7/15/15,0
Mali,7/15/15,0
United Kingdom,7/15/15,0
Italy,7/15/15,0
Liberia 2,7/15/15,0
Guinea,7/15/15,0
Liberia,7/15/15,0
Sierra Leone,7/15/15,0
United States of America,7/16/15,0
Spain,7/16/15,0
Senegal,7/16/15,0
Nigeria,7/16/15,0
Mali,7/16/15,0
Guinea,7/16/15,4
Italy,7/16/15,0
Liberia 2,7/16/15,0
Sierra Leone,7/16/15,0
Liberia,7/16/15,0
United Kingdom,7/16/15,0
United States of America,7/17/15,0
Spain,7/17/15,0
Senegal,7/17/15,0
Nigeria,7/17/15,0
Mali,7/17/15,0
United Kingdom,7/17/15,0
Italy,7/17/15,0
Liberia 2,7/17/15,0
Sierra Leone,7/17/15,0
Liberia,7/17/15,0
Guinea,7/17/15,6
United States of America,7/20/15,0
Spain,7/20/15,0
Senegal,7/20/15,0
Nigeria,7/20/15,0
Mali,7/20/15,0
Guinea,7/20/15,12
Italy,7/20/15,0
Liberia 2,7/20/15,0
Sierra Leone,7/20/15,4
Liberia,7/20/15,0
United Kingdom,7/20/15,0
Mali,7/21/15,0
United States of America,7/21/15,0
Spain,7/21/15,0
Senegal,7/21/15,0
Nigeria,7/21/15,0
United Kingdom,7/21/15,0
Liberia 2,7/21/15,0
Italy,7/21/15,0
Sierra Leone,7/21/15,0
Liberia,7/21/15,0
Guinea,7/21/15,0
United States of America,7/22/15,0
Senegal,7/22/15,0
Nigeria,7/22/15,0
Mali,7/22/15,0
United Kingdom,7/22/15,0
Spain,7/22/15,0
Liberia 2,7/22/15,0
Sierra Leone,7/22/15,0
Liberia,7/22/15,0
Guinea,7/22/15,0
Italy,7/22/15,0
Spain,7/23/15,0
Senegal,7/23/15,0
Nigeria,7/23/15,0
Mali,7/23/15,0
United Kingdom,7/23/15,0
Liberia 2,7/23/15,0
Sierra Leone,7/23/15,1
Liberia,7/23/15,0
United States of America,7/23/15,0
Italy,7/23/15,0
Guinea,7/23/15,3
Senegal,7/24/15,0
Spain,7/24/15,0
Nigeria,7/24/15,0
United States of America,7/24/15,0
Mali,7/24/15,0
United Kingdom,7/24/15,0
Italy,7/24/15,0
Liberia 2,7/24/15,0
Sierra Leone,7/24/15,0
Liberia,7/24/15,0
Guinea,7/24/15,0
Spain,7/27/15,0
Senegal,7/27/15,0
Nigeria,7/27/15,0
Mali,7/27/15,0
United Kingdom,7/27/15,0
United States of America,7/27/15,0
Liberia 2,7/27/15,0
Sierra Leone,7/27/15,1
Liberia,7/27/15,0
Guinea,7/27/15,0
Italy,7/27/15,0
United States of America,7/28/15,0
Spain,7/28/15,0
Senegal,7/28/15,0
Nigeria,7/28/15,0
Mali,7/28/15,0
United Kingdom,7/28/15,0
Liberia 2,7/28/15,0
Sierra Leone,7/28/15,0
Liberia,7/28/15,0
Guinea,7/28/15,1
Italy,7/28/15,0
Mali,7/29/15,0
Spain,7/29/15,0
Senegal,7/29/15,0
Nigeria,7/29/15,0
United Kingdom,7/29/15,0
United States of America,7/29/15,0
Liberia 2,7/29/15,0
Guinea,7/29/15,0
Sierra Leone,7/29/15,0
Liberia,7/29/15,0
Italy,7/29/15,0
Nigeria,7/30/15,0
Mali,7/30/15,0
United States of America,7/30/15,0
Senegal,7/30/15,0
United Kingdom,7/30/15,0
Spain,7/30/15,0
Liberia 2,7/30/15,0
Guinea,7/30/15,0
Sierra Leone,7/30/15,0
Italy,7/30/15,0
Liberia,7/30/15,0
Spain,7/31/15,0
Senegal,7/31/15,0
Nigeria,7/31/15,0
Mali,7/31/15,0
United Kingdom,7/31/15,0
United States of America,7/31/15,0
Liberia 2,7/31/15,0
Sierra Leone,7/31/15,0
Liberia,7/31/15,0
Guinea,7/31/15,0
Italy,7/31/15,0
United States of America,8/3/15,0
Spain,8/3/15,0
Senegal,8/3/15,0
Nigeria,8/3/15,0
Mali,8/3/15,0
United Kingdom,8/3/15,0
Liberia 2,8/3/15,0
Guinea,8/3/15,1
Sierra Leone,8/3/15,1
Liberia,8/3/15,0
Italy,8/3/15,0
Mali,8/4/15,0
Spain,8/4/15,0
Senegal,8/4/15,0
Nigeria,8/4/15,0
United Kingdom,8/4/15,0
United States of America,8/4/15,0
Liberia 2,8/4/15,0
Liberia,8/4/15,0
Italy,8/4/15,0
Sierra Leone,8/4/15,0
Guinea,8/4/15,0
United States of America,8/5/15,0
Spain,8/5/15,0
Senegal,8/5/15,0
Nigeria,8/5/15,0
Mali,8/5/15,0
Liberia 2,8/5/15,0
Sierra Leone,8/5/15,0
Guinea,8/5/15,0
Liberia,8/5/15,0
Italy,8/5/15,0
United Kingdom,8/5/15,0
Mali,8/6/15,0
United States of America,8/6/15,0
Spain,8/6/15,0
Senegal,8/6/15,0
Nigeria,8/6/15,0
United Kingdom,8/6/15,0
Liberia 2,8/6/15,0
Sierra Leone,8/6/15,1
Liberia,8/6/15,0
Guinea,8/6/15,2
Italy,8/6/15,0
United States of America,8/7/15,0
Spain,8/7/15,0
Senegal,8/7/15,0
Nigeria,8/7/15,0
Mali,8/7/15,0
United Kingdom,8/7/15,0
Liberia 2,8/7/15,0
Guinea,8/7/15,0
Sierra Leone,8/7/15,0
Liberia,8/7/15,0
Italy,8/7/15,0
Nigeria,8/10/15,0
United States of America,8/10/15,0
Spain,8/10/15,0
Senegal,8/10/15,0
Mali,8/10/15,0
United Kingdom,8/10/15,0
Italy,8/10/15,0
Liberia 2,8/10/15,0
Guinea,8/10/15,0
Sierra Leone,8/10/15,1
Liberia,8/10/15,0
Spain,8/11/15,0
Senegal,8/11/15,0
Nigeria,8/11/15,0
Mali,8/11/15,0
United Kingdom,8/11/15,0
United States of America,8/11/15,0
Liberia 2,8/11/15,0
Guinea,8/11/15,0
Sierra Leone,8/11/15,0
Liberia,8/11/15,0
Italy,8/11/15,0
United States of America,8/12/15,0
Spain,8/12/15,0
Senegal,8/12/15,0
Nigeria,8/12/15,0
Mali,8/12/15,0
United Kingdom,8/12/15,0
Liberia 2,8/12/15,0
Guinea,8/12/15,0
Sierra Leone,8/12/15,0
Liberia,8/12/15,0
Italy,8/12/15,0
Mali,8/13/15,0
Spain,8/13/15,0
Senegal,8/13/15,0
Nigeria,8/13/15,0
United Kingdom,8/13/15,0
United States of America,8/13/15,0
Liberia 2,8/13/15,0
Sierra Leone,8/13/15,0
Italy,8/13/15,0
Guinea,8/13/15,1
Liberia,8/13/15,0
United States of America,8/14/15,0
Spain,8/14/15,0
Senegal,8/14/15,0
Nigeria,8/14/15,0
Mali,8/14/15,0
Liberia 2,8/14/15,0
Sierra Leone,8/14/15,0
Guinea,8/14/15,0
Liberia,8/14/15,0
Italy,8/14/15,0
United Kingdom,8/14/15,0
Mali,8/17/15,0
United States of America,8/17/15,0
Spain,8/17/15,0
Senegal,8/17/15,0
Nigeria,8/17/15,0
United Kingdom,8/17/15,0
Liberia 2,8/17/15,0
Sierra Leone,8/17/15,0
Liberia,8/17/15,0
Guinea,8/17/15,2
Italy,8/17/15,0
United States of America,8/18/15,0
Spain,8/18/15,0
Senegal,8/18/15,0
Nigeria,8/18/15,0
Mali,8/18/15,0
United Kingdom,8/18/15,0
Liberia 2,8/18/15,0
Sierra Leone,8/18/15,0
Liberia,8/18/15,0
Guinea,8/18/15,0
Italy,8/18/15,0
Mali,8/19/15,0
Spain,8/19/15,0
Senegal,8/19/15,0
Nigeria,8/19/15,0
United Kingdom,8/19/15,0
United States of America,8/19/15,0
Liberia 2,8/19/15,0
Guinea,8/19/15,0
Liberia,8/19/15,0
Sierra Leone,8/19/15,0
Italy,8/19/15,0
Spain,8/20/15,0
Senegal,8/20/15,0
Nigeria,8/20/15,0
Mali,8/20/15,0
United Kingdom,8/20/15,0
United States of America,8/20/15,0
Liberia 2,8/20/15,0
Guinea,8/20/15,2
Sierra Leone,8/20/15,0
Liberia,8/20/15,0
Italy,8/20/15,0
United States of America,8/21/15,0
Spain,8/21/15,0
Senegal,8/21/15,0
Nigeria,8/21/15,0
Mali,8/21/15,0
United Kingdom,8/21/15,0
Liberia 2,8/21/15,0
Guinea,8/21/15,0
Sierra Leone,8/21/15,0
Liberia,8/21/15,0
Italy,8/21/15,0
Mali,8/24/15,0
Spain,8/24/15,0
Senegal,8/24/15,0
Nigeria,8/24/15,0
United Kingdom,8/24/15,0
United States of America,8/24/15,0
Liberia 2,8/24/15,0
Liberia,8/24/15,0
Italy,8/24/15,0
Guinea,8/24/15,0
Sierra Leone,8/24/15,0
United States of America,8/25/15,0
Spain,8/25/15,0
Senegal,8/25/15,0
Nigeria,8/25/15,0
Mali,8/25/15,0
Liberia 2,8/25/15,0
Sierra Leone,8/25/15,0
Liberia,8/25/15,0
Guinea,8/25/15,1
Italy,8/25/15,0
United Kingdom,8/25/15,0
Mali,8/26/15,0
United States of America,8/26/15,0
Spain,8/26/15,0
Senegal,8/26/15,0
Nigeria,8/26/15,0
United Kingdom,8/26/15,0
Liberia 2,8/26/15,0
Liberia,8/26/15,0
Sierra Leone,8/26/15,0
Guinea,8/26/15,0
Italy,8/26/15,0
United States of America,8/27/15,0
Spain,8/27/15,0
Senegal,8/27/15,0
Nigeria,8/27/15,0
Mali,8/27/15,0
United Kingdom,8/27/15,0
Liberia 2,8/27/15,0
Guinea,8/27/15,1
Sierra Leone,8/27/15,0
Liberia,8/27/15,0
Italy,8/27/15,0
Mali,8/28/15,0
Spain,8/28/15,0
Senegal,8/28/15,0
Nigeria,8/28/15,0
United Kingdom,8/28/15,0
United States of America,8/28/15,0
Liberia 2,8/28/15,0
Liberia,8/28/15,0
Italy,8/28/15,0
Guinea,8/28/15,0
Sierra Leone,8/28/15,0
Liberia,8/31/15,0
Sierra Leone,8/31/15,1
Guinea,8/31/15,1
Liberia 2,8/31/15,0
Italy,8/31/15,0
United Kingdom,8/31/15,0
Nigeria,8/31/15,0
Senegal,8/31/15,0
Spain,8/31/15,0
United States of America,8/31/15,0
Mali,8/31/15,0
Nigeria,9/1/15,0
Spain,9/1/15,0
Senegal,9/1/15,0
United States of America,9/1/15,0
Mali,9/1/15,0
United Kingdom,9/1/15,0
Liberia 2,9/1/15,0
Sierra Leone,9/1/15,0
Liberia,9/1/15,0
Guinea,9/1/15,0
Italy,9/1/15,0
United States of America,9/2/15,0
Spain,9/2/15,0
Senegal,9/2/15,0
Nigeria,9/2/15,0
Mali,9/2/15,0
Italy,9/2/15,0
Liberia 2,9/2/15,0
Sierra Leone,9/2/15,0
Guinea,9/2/15,0
Liberia,9/2/15,0
United Kingdom,9/2/15,0
United States of America,9/3/15,0
Spain,9/3/15,0
Senegal,9/3/15,0
Nigeria,9/3/15,0
Mali,9/3/15,0
United Kingdom,9/3/15,0
Liberia 2,9/3/15,0
Guinea,9/3/15,1
Italy,9/3/15,0
Sierra Leone,9/3/15,0
Liberia,9/3/15,0
United States of America,9/4/15,0
Spain,9/4/15,0
Senegal,9/4/15,0
Nigeria,9/4/15,0
Mali,9/4/15,0
Liberia 2,9/4/15,0
Guinea,9/4/15,0
Sierra Leone,9/4/15,0
Liberia,9/4/15,0
Italy,9/4/15,0
United Kingdom,9/4/15,0
Mali,9/7/15,0
United States of America,9/7/15,0
Spain,9/7/15,0
Senegal,9/7/15,0
Nigeria,9/7/15,0
United Kingdom,9/7/15,0
Liberia 2,9/7/15,0
Sierra Leone,9/7/15,1
Liberia,9/7/15,0
Guinea,9/7/15,0
Italy,9/7/15,0
United States of America,9/8/15,0
Spain,9/8/15,0
Senegal,9/8/15,0
Nigeria,9/8/15,0
Mali,9/8/15,0
United Kingdom,9/8/15,0
Liberia 2,9/8/15,0
Guinea,9/8/15,0
Sierra Leone,9/8/15,0
Liberia,9/8/15,0
Italy,9/8/15,0
Nigeria,9/9/15,0
Spain,9/9/15,0
Senegal,9/9/15,0
United States of America,9/9/15,0
Mali,9/9/15,0
Sierra Leone,9/9/15,0
Italy,9/9/15,0
Liberia 2,9/9/15,0
Guinea,9/9/15,0
Liberia,9/9/15,0
United Kingdom,9/9/15,0
Spain,9/10/15,0
Senegal,9/10/15,0
Nigeria,9/10/15,0
Mali,9/10/15,0
United Kingdom,9/10/15,0
United States of America,9/10/15,0
Liberia 2,9/10/15,0
Guinea,9/10/15,0
Sierra Leone,9/10/15,3
Liberia,9/10/15,0
Italy,9/10/15,0
United States of America,9/11/15,0
Spain,9/11/15,0
Senegal,9/11/15,0
Nigeria,9/11/15,0
Mali,9/11/15,0
United Kingdom,9/11/15,0
Liberia 2,9/11/15,0
Guinea,9/11/15,0
Sierra Leone,9/11/15,1
Liberia,9/11/15,0
Italy,9/11/15,0
Mali,9/14/15,0
Spain,9/14/15,0
Senegal,9/14/15,0
Nigeria,9/14/15,0
United Kingdom,9/14/15,0
United States of America,9/14/15,0
Liberia 2,9/14/15,0
Liberia,9/14/15,0
Italy,9/14/15,0
Guinea,9/14/15,0
Sierra Leone,9/14/15,0
United States of America,9/15/15,0
Spain,9/15/15,0
Senegal,9/15/15,0
Nigeria,9/15/15,0
Mali,9/15/15,0
Liberia 2,9/15/15,0
Sierra Leone,9/15/15,1
Liberia,9/15/15,0
Guinea,9/15/15,0
Italy,9/15/15,0
United Kingdom,9/15/15,0
Mali,9/16/15,0
United States of America,9/16/15,0
Spain,9/16/15,0
Senegal,9/16/15,0
Nigeria,9/16/15,0
United Kingdom,9/16/15,0
Liberia 2,9/16/15,0
Liberia,9/16/15,0
Sierra Leone,9/16/15,0
Guinea,9/16/15,0
Italy,9/16/15,0
United States of America,9/17/15,0
Spain,9/17/15,0
Senegal,9/17/15,0
Nigeria,9/17/15,0
Mali,9/17/15,0
United Kingdom,9/17/15,0
Liberia 2,9/17/15,0
Guinea,9/17/15,0
Sierra Leone,9/17/15,0
Liberia,9/17/15,0
Italy,9/17/15,0
Nigeria,9/18/15,0
United States of America,9/18/15,0
Spain,9/18/15,0
Senegal,9/18/15,0
Mali,9/18/15,0
United Kingdom,9/18/15,0
Italy,9/18/15,0
Liberia 2,9/18/15,0
Guinea,9/18/15,1
Sierra Leone,9/18/15,0
Liberia,9/18/15,0
Spain,9/21/15,0
Senegal,9/21/15,0
Nigeria,9/21/15,0
Mali,9/21/15,0
United Kingdom,9/21/15,0
United States of America,9/21/15,0
Liberia 2,9/21/15,0
Sierra Leone,9/21/15,0
Liberia,9/21/15,0
Guinea,9/21/15,1
Italy,9/21/15,0
United States of America,9/22/15,0
Spain,9/22/15,0
Senegal,9/22/15,0
Nigeria,9/22/15,0
Mali,9/22/15,0
United Kingdom,9/22/15,0
Liberia 2,9/22/15,0
Sierra Leone,9/22/15,0
Liberia,9/22/15,0
Guinea,9/22/15,0
Italy,9/22/15,0
Mali,9/23/15,0
Spain,9/23/15,0
Senegal,9/23/15,0
Nigeria,9/23/15,0
United Kingdom,9/23/15,0
United States of America,9/23/15,0
Liberia 2,9/23/15,0
Sierra Leone,9/23/15,0
Italy,9/23/15,0
Liberia,9/23/15,0
Guinea,9/23/15,0
United States of America,9/24/15,0
Spain,9/24/15,0
Senegal,9/24/15,0
Nigeria,9/24/15,0
Mali,9/24/15,0
Liberia 2,9/24/15,0
Sierra Leone,9/24/15,0
Guinea,9/24/15,0
Liberia,9/24/15,0
Italy,9/24/15,0
United Kingdom,9/24/15,0
Mali,9/25/15,0
United States of America,9/25/15,0
Spain,9/25/15,0
Senegal,9/25/15,0
Nigeria,9/25/15,0
United Kingdom,9/25/15,0
Liberia 2,9/25/15,0
Guinea,9/25/15,0
Sierra Leone,9/25/15,0
Liberia,9/25/15,0
Italy,9/25/15,0
United States of America,9/28/15,0
Spain,9/28/15,0
Senegal,9/28/15,0
Nigeria,9/28/15,0
Mali,9/28/15,0
United Kingdom,9/28/15,0
Liberia 2,9/28/15,0
Guinea,9/28/15,2
Sierra Leone,9/28/15,0
Liberia,9/28/15,0
Italy,9/28/15,0
Nigeria,9/29/15,0
United States of America,9/29/15,0
Spain,9/29/15,0
Senegal,9/29/15,0
Mali,9/29/15,0
United Kingdom,9/29/15,0
Italy,9/29/15,0
Liberia 2,9/29/15,0
Sierra Leone,9/29/15,0
Liberia,9/29/15,0
Guinea,9/29/15,2
Spain,9/30/15,0
Senegal,9/30/15,0
Nigeria,9/30/15,0
Mali,9/30/15,0
United Kingdom,9/30/15,0
United States of America,9/30/15,0
Liberia 2,9/30/15,0
Sierra Leone,9/30/15,0
Guinea,9/30/15,0
Liberia,9/30/15,0
Italy,9/30/15,0
United States of America,10/1/15,0
Spain,10/1/15,0
Senegal,10/1/15,0
Nigeria,10/1/15,0
Mali,10/1/15,0
United Kingdom,10/1/15,0
Liberia 2,10/1/15,0
Guinea,10/1/15,0
Sierra Leone,10/1/15,0
Liberia,10/1/15,0
Italy,10/1/15,0
Mali,10/2/15,0
Spain,10/2/15,0
Senegal,10/2/15,0
Nigeria,10/2/15,0
United Kingdom,10/2/15,0
United States of America,10/2/15,0
Liberia 2,10/2/15,0
Liberia,10/2/15,0
Italy,10/2/15,0
Guinea,10/2/15,0
Sierra Leone,10/2/15,0
United States of America,10/5/15,0
Spain,10/5/15,0
Senegal,10/5/15,0
Nigeria,10/5/15,0
Mali,10/5/15,0
Liberia 2,10/5/15,0
Guinea,10/5/15,0
Sierra Leone,10/5/15,0
Liberia,10/5/15,0
Italy,10/5/15,0
United Kingdom,10/5/15,0
Mali,10/6/15,0
United States of America,10/6/15,0
Spain,10/6/15,0
Senegal,10/6/15,0
Nigeria,10/6/15,0
United Kingdom,10/6/15,0
Liberia 2,10/6/15,0
Guinea,10/6/15,0
Liberia,10/6/15,0
Sierra Leone,10/6/15,0
Italy,10/6/15,0
United States of America,10/7/15,0
Spain,10/7/15,0
Senegal,10/7/15,0
Nigeria,10/7/15,0
Mali,10/7/15,0
United Kingdom,10/7/15,0
Liberia 2,10/7/15,0
Guinea,10/7/15,0
Sierra Leone,10/7/15,0
Liberia,10/7/15,0
Italy,10/7/15,0
Nigeria,10/8/15,0
United States of America,10/8/15,0
Spain,10/8/15,0
Senegal,10/8/15,0
Mali,10/8/15,0
United Kingdom,10/8/15,0
Italy,10/8/15,0
Liberia 2,10/8/15,0
Liberia,10/8/15,0
Sierra Leone,10/8/15,0
Guinea,10/8/15,0
Spain,10/9/15,0
Senegal,10/9/15,0
Nigeria,10/9/15,0
Mali,10/9/15,0
United Kingdom,10/9/15,0
United States of America,10/9/15,0
Liberia 2,10/9/15,0
Guinea,10/9/15,0
Liberia,10/9/15,0
Sierra Leone,10/9/15,0
Italy,10/9/15,0
United States of America,10/13/15,0
Spain,10/13/15,0
Senegal,10/13/15,0
Nigeria,10/13/15,0
Mali,10/13/15,0
United Kingdom,10/13/15,0
Liberia 2,10/13/15,0
Guinea,10/13/15,0
Liberia,10/13/15,0
Sierra Leone,10/13/15,0
Italy,10/13/15,0
Mali,10/15/15,0
Spain,10/15/15,0
Senegal,10/15/15,0
Nigeria,10/15/15,0
United Kingdom,10/15/15,0
United States of America,10/15/15,0
Liberia 2,10/15/15,0
Liberia,10/15/15,0
Italy,10/15/15,0
Guinea,10/15/15,1
Sierra Leone,10/15/15,0
United States of America,10/16/15,0
Spain,10/16/15,0
Senegal,10/16/15,0
Nigeria,10/16/15,0
Mali,10/16/15,0
Liberia 2,10/16/15,0
Guinea,10/16/15,1
Sierra Leone,10/16/15,0
Liberia,10/16/15,0
Italy,10/16/15,0
United Kingdom,10/16/15,0
Mali,10/20/15,0
United States of America,10/20/15,0
Spain,10/20/15,0
Senegal,10/20/15,0
Nigeria,10/20/15,0
United Kingdom,10/20/15,0
Liberia 2,10/20/15,0
Guinea,10/20/15,1
Sierra Leone,10/20/15,0
Liberia,10/20/15,0
Italy,10/20/15,0
United States of America,10/22/15,0
Spain,10/22/15,0
Senegal,10/22/15,0
Nigeria,10/22/15,0
Mali,10/22/15,0
United Kingdom,10/22/15,0
Liberia 2,10/22/15,0
Sierra Leone,10/22/15,0
Liberia,10/22/15,0
Guinea,10/22/15,0
Italy,10/22/15,0
Mali,10/23/15,0
Spain,10/23/15,0
United States of America,10/23/15,0
Nigeria,10/23/15,0
United Kingdom,10/23/15,0
Senegal,10/23/15,0
Liberia 2,10/23/15,0
Liberia,10/23/15,0
Sierra Leone,10/23/15,0
Guinea,10/23/15,0
Italy,10/23/15,0
Spain,10/26/15,0
Senegal,10/26/15,0
Nigeria,10/26/15,0
Mali,10/26/15,0
United Kingdom,10/26/15,0
United States of America,10/26/15,0
Liberia 2,10/26/15,0
Guinea,10/26/15,3
Liberia,10/26/15,0
Sierra Leone,10/26/15,0
Italy,10/26/15,0
United States of America,10/27/15,0
Spain,10/27/15,0
Senegal,10/27/15,0
Nigeria,10/27/15,0
Mali,10/27/15,0
United Kingdom,10/27/15,0
Liberia 2,10/27/15,0
Guinea,10/27/15,0
Liberia,10/27/15,0
Sierra Leone,10/27/15,0
Italy,10/27/15,0
Mali,10/29/15,0
Spain,10/29/15,0
Senegal,10/29/15,0
Nigeria,10/29/15,0
United Kingdom,10/29/15,0
United States of America,10/29/15,0
Liberia 2,10/29/15,0
Sierra Leone,10/29/15,0
Italy,10/29/15,0
Guinea,10/29/15,0
Liberia,10/29/15,0
United States of America,10/30/15,0
Spain,10/30/15,0
Senegal,10/30/15,0
Nigeria,10/30/15,0
Mali,10/30/15,0
Liberia 2,10/30/15,0
Guinea,10/30/15,0
Liberia,10/30/15,0
Sierra Leone,10/30/15,0
Italy,10/30/15,0
United Kingdom,10/30/15,0
Mali,11/3/15,0
United States of America,11/3/15,0
Spain,11/3/15,0
Senegal,11/3/15,0
Nigeria,11/3/15,0
United Kingdom,11/3/15,0
Liberia 2,11/3/15,0
Liberia,11/3/15,0
Sierra Leone,11/3/15,0
Guinea,11/3/15,1
Italy,11/3/15,0
United States of America,11/5/15,0
Spain,11/5/15,0
Senegal,11/5/15,0
Nigeria,11/5/15,0
Mali,11/5/15,0
United Kingdom,11/5/15,0
Liberia 2,11/5/15,0
Guinea,11/5/15,0
Liberia,11/5/15,0
Sierra Leone,11/5/15,0
Italy,11/5/15,0
Nigeria,11/6/15,0
United States of America,11/6/15,0
Spain,11/6/15,0
Senegal,11/6/15,0
Mali,11/6/15,0
United Kingdom,11/6/15,0
Italy,11/6/15,0
Liberia 2,11/6/15,0
Guinea,11/6/15,0
Liberia,11/6/15,0
Sierra Leone,11/6/15,0
Spain,11/10/15,0
Senegal,11/10/15,0
Nigeria,11/10/15,0
Mali,11/10/15,0
United Kingdom,11/10/15,0
United States of America,11/10/15,0
Liberia 2,11/10/15,0
Guinea,11/10/15,0
Sierra Leone,11/10/15,0
Liberia,11/10/15,0
Italy,11/10/15,0
United States of America,11/11/15,0
Spain,11/11/15,0
Senegal,11/11/15,0
Nigeria,11/11/15,0
Mali,11/11/15,0
United Kingdom,11/11/15,0
Liberia 2,11/11/15,0
Sierra Leone,11/11/15,0
Guinea,11/11/15,0
Liberia,11/11/15,0
Italy,11/11/15,0
Mali,11/12/15,0
Spain,11/12/15,0
Senegal,11/12/15,0
Nigeria,11/12/15,0
United Kingdom,11/12/15,0
United States of America,11/12/15,0
Liberia 2,11/12/15,0
Liberia,11/12/15,0
Italy,11/12/15,0
Guinea,11/12/15,0
Sierra Leone,11/12/15,0
United States of America,11/16/15,0
Spain,11/16/15,0
Senegal,11/16/15,0
Nigeria,11/16/15,0
Mali,11/16/15,0
Liberia 2,11/16/15,0
Guinea,11/16/15,0
Sierra Leone,11/16/15,0
Liberia,11/16/15,0
Italy,11/16/15,0
United Kingdom,11/16/15,0
Mali,11/17/15,0
United States of America,11/17/15,0
Spain,11/17/15,0
Senegal,11/17/15,0
Nigeria,11/17/15,0
United Kingdom,11/17/15,0
Liberia 2,11/17/15,0
Sierra Leone,11/17/15,0
Liberia,11/17/15,0
Guinea,11/17/15,0
Italy,11/17/15,0
United States of America,11/20/15,0
Spain,11/20/15,0
Senegal,11/20/15,0
Nigeria,11/20/15,0
Mali,11/20/15,0
United Kingdom,11/20/15,0
Liberia 2,11/20/15,0
Liberia,11/20/15,0
Sierra Leone,11/20/15,0
Guinea,11/20/15,0
Italy,11/20/15,0
Mali,11/24/15,0
Spain,11/24/15,0
United States of America,11/24/15,0
Nigeria,11/24/15,0
United Kingdom,11/24/15,0
Senegal,11/24/15,0
Liberia 2,11/24/15,0
Sierra Leone,11/24/15,0
Liberia,11/24/15,0
Guinea,11/24/15,0
Italy,11/24/15,0
Spain,11/26/15,0
Senegal,11/26/15,0
Nigeria,11/26/15,0
Mali,11/26/15,0
United Kingdom,11/26/15,0
United States of America,11/26/15,0
Liberia 2,11/26/15,3
Guinea,11/26/15,0
Sierra Leone,11/26/15,0
Liberia,11/26/15,0
Italy,11/26/15,0
United States of America,12/1/15,0
Spain,12/1/15,0
Senegal,12/1/15,0
Nigeria,12/1/15,0
Mali,12/1/15,0
United Kingdom,12/1/15,0
Liberia 2,12/1/15,0
Guinea,12/1/15,0
Sierra Leone,12/1/15,0
Liberia,12/1/15,0
Italy,12/1/15,0
Mali,12/2/15,0
Spain,12/2/15,0
Senegal,12/2/15,0
Nigeria,12/2/15,0
United Kingdom,12/2/15,0
United States of America,12/2/15,0
Liberia 2,12/2/15,0
Liberia,12/2/15,0
Italy,12/2/15,0
Sierra Leone,12/2/15,0
Guinea,12/2/15,0
United States of America,12/3/15,0
Spain,12/3/15,0
Senegal,12/3/15,0
Nigeria,12/3/15,0
Mali,12/3/15,0
Liberia 2,12/3/15,0
Sierra Leone,12/3/15,0
Liberia,12/3/15,0
Guinea,12/3/15,0
Italy,12/3/15,0
United Kingdom,12/3/15,0
Mali,12/9/15,0
United States of America,12/9/15,0
Spain,12/9/15,0
Senegal,12/9/15,0
Nigeria,12/9/15,0
United Kingdom,12/9/15,0
Liberia 2,12/9/15,0
Liberia,12/9/15,0
Sierra Leone,12/9/15,0
Guinea,12/9/15,0
Italy,12/9/15,0
United States of America,12/10/15,0
Spain,12/10/15,0
Senegal,12/10/15,0
Nigeria,12/10/15,0
Mali,12/10/15,0
United Kingdom,12/10/15,0
Liberia 2,12/10/15,0
Liberia,12/10/15,0
Guinea,12/10/15,0
Sierra Leone,12/10/15,0
Italy,12/10/15,0
Mali,12/11/15,0
Spain,12/11/15,0
United States of America,12/11/15,0
Nigeria,12/11/15,0
United Kingdom,12/11/15,0
Senegal,12/11/15,0
Liberia 2,12/11/15,0
Liberia,12/11/15,0
Italy,12/11/15,0
Guinea,12/11/15,0
Sierra Leone,12/11/15,0
United States of America,12/15/15,0
Spain,12/15/15,0
Senegal,12/15/15,0
Nigeria,12/15/15,0
Mali,12/15/15,0
Liberia 2,12/15/15,0
Sierra Leone,12/15/15,0
Liberia,12/15/15,0
Guinea,12/15/15,0
Italy,12/15/15,0
United Kingdom,12/15/15,0
Mali,12/16/15,0
United States of America,12/16/15,0
Spain,12/16/15,0
Senegal,12/16/15,0
Nigeria,12/16/15,0
United Kingdom,12/16/15,0
Liberia 2,12/16/15,0
Liberia,12/16/15,0
Guinea,12/16/15,0
Sierra Leone,12/16/15,0
Italy,12/16/15,0
United States of America,12/17/15,0
Spain,12/17/15,0
Senegal,12/17/15,0
Nigeria,12/17/15,0
Mali,12/17/15,0
United Kingdom,12/17/15,0
Liberia 2,12/17/15,0
Liberia,12/17/15,0
Sierra Leone,12/17/15,0
Guinea,12/17/15,0
Italy,12/17/15,0
United States of America,12/22/15,0
Spain,12/22/15,0
Senegal,12/22/15,0
Nigeria,12/22/15,0
Mali,12/22/15,0
Liberia 2,12/22/15,0
Italy,12/22/15,0
Liberia,12/22/15,0
Sierra Leone,12/22/15,0
Guinea,12/22/15,0
United Kingdom,12/22/15,0
United States of America,12/23/15,0
Spain,12/23/15,0
Senegal,12/23/15,0
Nigeria,12/23/15,0
Mali,12/23/15,0
United Kingdom,12/23/15,0
Liberia 2,12/23/15,0
Sierra Leone,12/23/15,0
Guinea,12/23/15,0
Liberia,12/23/15,0
Italy,12/23/15,0
United States of America,12/29/15,0
Spain,12/29/15,0
Senegal,12/29/15,0
Nigeria,12/29/15,0
Mali,12/29/15,0
Liberia 2,12/29/15,0
Italy,12/29/15,0
Guinea,12/29/15,0
Sierra Leone,12/29/15,0
Liberia,12/29/15,0
United Kingdom,12/29/15,0
Senegal,3/23/16,0
Nigeria,3/23/16,0
Mali,3/23/16,0
United Kingdom,3/23/16,0
Italy,3/23/16,0
Liberia 2,3/23/16,0
Sierra Leone,3/23/16,0
Liberia,3/23/16,0
Guinea,3/23/16,0
Spain,3/23/16,0
Guinea 2,3/23/16,2
United States of America,3/23/16,0